upstream_part,up_part_rev,upstream_output_port,downstream_part,down_part_rev,downstream_input_port,start_gpstime,stop_gpstime
RI1A4N,A,b,RCVR36,A,na,1096484416,
RI1A5E,A,b,RCVR123,A,ea,1096484416,
RI1A5N,A,b,RCVR123,A,na,1096484416,
RI1A6E,A,b,RCVR4,A,ea,1096484416,
RI1A6N,A,b,RCVR4,A,na,1096484416,
RI1A7E,A,b,RCVR51,A,ea,1096484416,
RI1A7N,A,b,RCVR51,A,na,1096484416,
RI1A8E,A,b,RCVR35,A,ea,1096484416,
RI1A8N,A,b,RCVR35,A,na,1096484416,
RI1B1E,A,b,RCVR91,A,ea,1096484416,
RI1B1N,A,b,RCVR91,A,na,1096484416,
RI1B2E,A,b,RCVR116,A,ea,1096484416,
RI1B2N,A,b,RCVR116,A,na,1096484416,
RI1B3E,A,b,RCVR72,A,ea,1096484416,
RI1B3N,A,b,RCVR72,A,na,1096484416,
RI1B4E,A,b,RCVR92,A,ea,1096484416,
RI1B4N,A,b,RCVR92,A,na,1096484416,
RI1B5E,A,b,RCVR125,A,ea,1096484416,
RI1B5N,A,b,RCVR125,A,na,1096484416,
RI1B6E,A,b,RCVR50,A,ea,1096484416,
RI1B6N,A,b,RCVR50,A,na,1096484416,
RI1B7E,A,b,RCVR115,A,ea,1096484416,
RI1B7N,A,b,RCVR115,A,na,1096484416,
RI1B8E,A,b,RCVR54,A,ea,1096484416,
RI1B8N,A,b,RCVR54,A,na,1096484416,
RI2A1E,A,b,RCVR5,A,ea,1096484416,
RI2A1N,A,b,RCVR5,A,na,1096484416,
RI2A2E,A,b,RCVR6,A,ea,1096484416,
RI2A2N,A,b,RCVR6,A,na,1096484416,
RI2A3E,A,b,RCVR82,A,ea,1096484416,
RI2A3N,A,b,RCVR82,A,na,1096484416,
RI2A4E,A,b,RCVR70,A,ea,1096484416,
RI2A4N,A,b,RCVR70,A,na,1096484416,
RI2A5E,A,b,RCVR87,A,ea,1096484416,
RI2A5N,A,b,RCVR87,A,na,1096484416,
RI2A6E,A,b,RCVR100,A,ea,1096484416,
RI2A6N,A,b,RCVR100,A,na,1096484416,
RI2A7E,A,b,RCVR11,A,ea,1096484416,
RI2A7N,A,b,RCVR11,A,na,1096484416,
RI2A8E,A,b,RCVR13,A,ea,1096484416,
RI2A8N,A,b,RCVR13,A,na,1096484416,
RI2B1E,A,b,RCVR15,A,ea,1096484416,
RI2B1N,A,b,RCVR15,A,na,1096484416,
RI2B2E,A,b,RCVR71,A,ea,1096484416,
RI2B2N,A,b,RCVR71,A,na,1096484416,
RI2B3E,A,b,RCVR8,A,ea,1096484416,
RI2B3N,A,b,RCVR8,A,na,1096484416,
RI2B4E,A,b,RCVR108,A,ea,1096484416,
RI2B4N,A,b,RCVR108,A,na,1096484416,
RI2B5E,A,b,RCVR53,A,ea,1096484416,
RI2B5N,A,b,RCVR53,A,na,1096484416,
RI2B6E,A,b,RCVR49,A,ea,1096484416,
RI2B6N,A,b,RCVR49,A,na,1096484416,
RI2B7E,A,b,RCVR37,A,ea,1096484416,
RI2B7N,A,b,RCVR37,A,na,1096484416,
RI2B8E,A,b,RCVR3,A,ea,1096484416,
RI2B8N,A,b,RCVR3,A,na,1096484416,
RI3A1E,A,b,RCVR18,A,ea,1096484416,
RI3A1N,A,b,RCVR18,A,na,1096484416,
RI3A2E,A,b,RCVR12,A,ea,1096484416,
RI3A2N,A,b,RCVR12,A,na,1096484416,
RI3A3E,A,b,RCVR2,A,ea,1096484416,
RI3A3N,A,b,RCVR2,A,na,1096484416,
RI3A4E,A,b,RCVR14,A,ea,1096484416,
RI3A4N,A,b,RCVR14,A,na,1096484416,
RI3A5E,A,b,RCVR84,A,ea,1096484416,
RI3A5N,A,b,RCVR84,A,na,1096484416,
RI3A6E,A,b,RCVR109,A,ea,1096484416,
RI3A6N,A,b,RCVR109,A,na,1096484416,
RI3A7E,A,b,RCVR7,A,ea,1096484416,
RI3A7N,A,b,RCVR7,A,na,1096484416,
RI3A8E,A,b,RCVR17,A,ea,1096484416,
RI3A8N,A,b,RCVR17,A,na,1096484416,
RI3B1E,A,b,RCVR96,A,ea,1096484416,
RI3B1N,A,b,RCVR96,A,na,1096484416,
RI3B2E,A,b,RCVR16,A,ea,1096484416,
RI3B2N,A,b,RCVR16,A,na,1096484416,
RI3B3E,A,b,RCVR124,A,ea,1096484416,
RI3B3N,A,b,RCVR124,A,na,1096484416,
RI3B4E,A,b,RCVR0,A,ea,1096484416,
RI3B4N,A,b,RCVR0,A,na,1096484416,
RI3B5E,A,b,RCVR85,A,ea,1096484416,
RI3B5N,A,b,RCVR85,A,na,1096484416,
RI3B6E,A,b,RCVR10,A,ea,1096484416,
RI3B6N,A,b,RCVR10,A,na,1096484416,
RI3B7E,A,b,RCVR1,A,ea,1096484416,
RI3B7N,A,b,RCVR1,A,na,1096484416,
RI4A1E,A,b,RCVR93,A,ea,1096484416,
RI4A1N,A,b,RCVR93,A,na,1096484416,
RI4A2E,A,b,RCVR61,A,ea,1096484416,
RI4A2N,A,b,RCVR61,A,na,1096484416,
RI4A3E,A,b,RCVR28,A,ea,1096484416,
RI4A3N,A,b,RCVR28,A,na,1096484416,
RI4A4E,A,b,RCVR32,A,ea,1096484416,
RI4A4N,A,b,RCVR32,A,na,1096484416,
RI4A5E,A,b,RCVR111,A,ea,1096484416,
RI4A5N,A,b,RCVR111,A,na,1096484416,
RI4A6E,A,b,RCVR24,A,ea,1096484416,
RI4A6N,A,b,RCVR24,A,na,1096484416,
RI4A7E,A,b,RCVR58,A,ea,1096484416,
RI4A7N,A,b,RCVR58,A,na,1096484416,
RI4A8E,A,b,RCVR55,A,ea,1096484416,
RI4A8N,A,b,RCVR55,A,na,1096484416,
RI4B1E,A,b,RCVR118,A,ea,1096484416,
RI4B1N,A,b,RCVR118,A,na,1096484416,
RI4B2E,A,b,RCVR103,A,ea,1096484416,
RI4B2N,A,b,RCVR103,A,na,1096484416,
RI4B3E,A,b,RCVR27,A,ea,1096484416,
RI4B3N,A,b,RCVR27,A,na,1096484416,
RI4B4E,A,b,RCVR62,A,ea,1096484416,
RI4B4N,A,b,RCVR62,A,na,1096484416,
RI4B5E,A,b,RCVR97,A,ea,1096484416,
RI4B5N,A,b,RCVR97,A,na,1096484416,
RI4B6E,A,b,RCVR63,A,ea,1096484416,
RI4B6N,A,b,RCVR63,A,na,1096484416,
RI4B7E,A,b,RCVR59,A,ea,1096484416,
RI4B7N,A,b,RCVR59,A,na,1096484416,
RI4B8E,A,b,RCVR52,A,ea,1096484416,
RI4B8N,A,b,RCVR52,A,na,1096484416,
RI5A1E,A,b,RCVR126,A,ea,1096484416,
RI5A1N,A,b,RCVR126,A,na,1096484416,
RI5A2E,A,b,RCVR48,A,ea,1096484416,
RI5A2N,A,b,RCVR48,A,na,1096484416,
RI5A3E,A,b,RCVR95,A,ea,1096484416,
RI5A3N,A,b,RCVR95,A,na,1096484416,
RI5A4E,A,b,RCVR41,A,ea,1096484416,
RI5A4N,A,b,RCVR41,A,na,1096484416,
RI5A5E,A,b,RCVR107,A,ea,1096484416,
RI5A5N,A,b,RCVR107,A,na,1096484416,
RI5A6E,A,b,RCVR94,A,ea,1096484416,
RI5A6N,A,b,RCVR94,A,na,1096484416,
RI5A7E,A,b,RCVR120,A,ea,1096484416,
RI5A7N,A,b,RCVR120,A,na,1096484416,
RI5A8E,A,b,RCVR22,A,ea,1096484416,
RI5A8N,A,b,RCVR22,A,na,1096484416,
RI5B1E,A,b,RCVR60,A,ea,1096484416,
RI5B1N,A,b,RCVR60,A,na,1096484416,
RI5B2E,A,b,RCVR122,A,ea,1096484416,
RI5B2N,A,b,RCVR122,A,na,1096484416,
RI5B3E,A,b,RCVR39,A,ea,1096484416,
RI5B3N,A,b,RCVR39,A,na,1096484416,
RI5B4E,A,b,RCVR105,A,ea,1096484416,
RI5B4N,A,b,RCVR105,A,na,1096484416,
RI5B5E,A,b,RCVR47,A,ea,1096484416,
RI5B5N,A,b,RCVR47,A,na,1096484416,
RI5B6E,A,b,RCVR21,A,ea,1096484416,
RI5B6N,A,b,RCVR21,A,na,1096484416,
RI5B7E,A,b,RCVR25,A,ea,1096484416,
RI5B7N,A,b,RCVR25,A,na,1096484416,
RI5B8E,A,b,RCVR29,A,ea,1096484416,
RI5B8N,A,b,RCVR29,A,na,1096484416,
RI6A1E,A,b,RCVR64,A,ea,1096484416,
RI6A1N,A,b,RCVR64,A,na,1096484416,
RI6A2E,A,b,RCVR102,A,ea,1096484416,
RI6A2N,A,b,RCVR102,A,na,1096484416,
RI6A3E,A,b,RCVR76,A,ea,1096484416,
RI6A3N,A,b,RCVR76,A,na,1096484416,
RI6A4E,A,b,RCVR78,A,ea,1096484416,
RI6A4N,A,b,RCVR78,A,na,1096484416,
RI6A5E,A,b,RCVR75,A,ea,1096484416,
RI6A5N,A,b,RCVR75,A,na,1096484416,
RI6A6E,A,b,RCVR45,A,ea,1096484416,
RI6A6N,A,b,RCVR45,A,na,1096484416,
RI6A7E,A,b,RCVR30,A,ea,1096484416,
RI6A7N,A,b,RCVR30,A,na,1096484416,
RI6A8E,A,b,RCVR88,A,ea,1096484416,
RI6A8N,A,b,RCVR88,A,na,1096484416,
RI6B1E,A,b,RCVR57,A,ea,1096484416,
RI6B1N,A,b,RCVR57,A,na,1096484416,
RI6B2E,A,b,RCVR112,A,ea,1096484416,
RI6B2N,A,b,RCVR112,A,na,1096484416,
RI6B3E,A,b,RCVR31,A,ea,1096484416,
RI6B3N,A,b,RCVR31,A,na,1096484416,
RI6B4E,A,b,RCVR77,A,ea,1096484416,
RI6B4N,A,b,RCVR77,A,na,1096484416,
RI6B5E,A,b,RCVR33,A,ea,1096484416,
RI6B5N,A,b,RCVR33,A,na,1096484416,
RI6B6E,A,b,RCVR23,A,ea,1096484416,
RI6B6N,A,b,RCVR23,A,na,1096484416,
RI6B7E,A,b,RCVR114,A,ea,1096484416,
RI6B7N,A,b,RCVR114,A,na,1096484416,
RI6B8E,A,b,RCVR106,A,ea,1096484416,
RI6B8N,A,b,RCVR106,A,na,1096484416,
RI7A1E,A,b,RCVR98,A,ea,1096484416,
RI7A1N,A,b,RCVR98,A,na,1096484416,
RI7A2E,A,b,RCVR74,A,ea,1096484416,
RI7A2N,A,b,RCVR74,A,na,1096484416,
RI7A3E,A,b,RCVR117,A,ea,1096484416,
RI7A3N,A,b,RCVR117,A,na,1096484416,
RI7A4E,A,b,RCVR43,A,ea,1096484416,
RI7A4N,A,b,RCVR43,A,na,1096484416,
RI7A5E,A,b,RCVR101,A,ea,1096484416,
RI7A5N,A,b,RCVR101,A,na,1096484416,
RI7A6E,A,b,RCVR119,A,ea,1096484416,
RI7A6N,A,b,RCVR119,A,na,1096484416,
RI7A7E,A,b,RCVR89,A,ea,1096484416,
RI7A7N,A,b,RCVR89,A,na,1096484416,
RI7A8E,A,b,RCVR104,A,ea,1096484416,
RI7A8N,A,b,RCVR104,A,na,1096484416,
RI7B1E,A,b,RCVR44,A,ea,1096484416,
RI7B1N,A,b,RCVR44,A,na,1096484416,
RI7B2E,A,b,RCVR121,A,ea,1096484416,
RI7B2N,A,b,RCVR121,A,na,1096484416,
RI7B3E,A,b,RCVR113,A,ea,1096484416,
RI7B3N,A,b,RCVR113,A,na,1096484416,
RI7B4E,A,b,RCVR127,A,ea,1096484416,
RI7B4N,A,b,RCVR127,A,na,1096484416,
RI7B5E,A,b,RCVR42,A,ea,1096484416,
RI7B5N,A,b,RCVR42,A,na,1096484416,
RI7B6E,A,b,RCVR40,A,ea,1096484416,
RI7B6N,A,b,RCVR40,A,na,1096484416,
RI7B7E,A,b,RCVR110,A,ea,1096484416,
RI7B7N,A,b,RCVR110,A,na,1096484416,
RI7B8E,A,b,RCVR99,A,ea,1096484416,
RI7B8N,A,b,RCVR99,A,na,1096484416,
RI8A1E,A,b,RCVR73,A,ea,1096484416,
RI8A1N,A,b,RCVR73,A,na,1096484416,
RI8A2E,A,b,RCVR80,A,ea,1096484416,
RI8A2N,A,b,RCVR80,A,na,1096484416,
RI8A3E,A,b,RCVR34,A,ea,1096484416,
RI8A3N,A,b,RCVR34,A,na,1096484416,
RI8A4E,A,b,RCVR69,A,ea,1096484416,
RI8A4N,A,b,RCVR69,A,na,1096484416,
RI8A5E,A,b,RCVR79,A,ea,1096484416,
RI8A5N,A,b,RCVR79,A,na,1096484416,
RI8A6E,A,b,RCVR19,A,ea,1096484416,
RI8A6N,A,b,RCVR19,A,na,1096484416,
RI8A7E,A,b,RCVR86,A,ea,1096484416,
RI8A7N,A,b,RCVR86,A,na,1096484416,
RI8A8E,A,b,RCVR26,A,ea,1096484416,
RI8A8N,A,b,RCVR26,A,na,1096484416,
RI8B1E,A,b,RCVR90,A,ea,1096484416,
RI8B1N,A,b,RCVR90,A,na,1096484416,
RI8B2E,A,b,RCVR46,A,ea,1096484416,
RI8B2N,A,b,RCVR46,A,na,1096484416,
RI8B3E,A,b,RCVR81,A,ea,1096484416,
RI8B3N,A,b,RCVR81,A,na,1096484416,
RI8B4E,A,b,RCVR66,A,ea,1096484416,
RI8B4N,A,b,RCVR66,A,na,1096484416,
RI8B5E,A,b,RCVR20,A,ea,1096484416,
RI8B5N,A,b,RCVR20,A,na,1096484416,
RI8B6E,A,b,RCVR65,A,ea,1096484416,
RI8B6N,A,b,RCVR65,A,na,1096484416,
RI8B7E,A,b,RCVR68,A,ea,1096484416,
RI8B7N,A,b,RCVR68,A,na,1096484416,
RI8B8E,A,b,RCVR83,A,ea,1096484416,
RI8B8N,A,b,RCVR83,A,na,1096484416,
RO1A1E,A,b,CR1A1E,A,a,1096484416,
RO1A1N,A,b,CR1A1N,A,a,1096484416,
RO1A2E,A,b,CR1A2E,A,a,1096484416,
RO1A2N,A,b,CR1A2N,A,a,1096484416,
RO1A3E,A,b,CR1A3E,A,a,1096484416,
RO1A3N,A,b,CR1A3N,A,a,1096484416,
RO1A4E,A,b,CR1A4E,A,a,1096484416,
RO1A4N,A,b,CR1A4N,A,a,1096484416,
RO1A5E,A,b,CR1A5E,A,a,1096484416,
RO1A5N,A,b,CR1A5N,A,a,1096484416,
RO1A6E,A,b,CR1A6E,A,a,1096484416,
RO1A6N,A,b,CR1A6N,A,a,1096484416,
RO1A7E,A,b,CR1A7E,A,a,1096484416,
RO1A7N,A,b,CR1A7N,A,a,1096484416,
RO1A8E,A,b,CR1A8E,A,a,1096484416,
RO1A8N,A,b,CR1A8N,A,a,1096484416,
RO1B1E,A,b,CR1B1E,A,a,1096484416,
RO1B1N,A,b,CR1B1N,A,a,1096484416,
RO1B2E,A,b,CR1B2E,A,a,1096484416,
RO1B2N,A,b,CR1B2N,A,a,1096484416,
RO1B3E,A,b,CR1B3E,A,a,1096484416,
RO1B3N,A,b,CR1B3N,A,a,1096484416,
RO1B4E,A,b,CR1B4E,A,a,1096484416,
RO1B4N,A,b,CR1B4N,A,a,1096484416,
RO1B5E,A,b,CR1B5E,A,a,1096484416,
RO1B5N,A,b,CR1B5N,A,a,1096484416,
RO1B6E,A,b,CR1B6E,A,a,1096484416,
RO1B6N,A,b,CR1B6N,A,a,1096484416,
RO1B7E,A,b,CR1B7E,A,a,1096484416,
RO1B7N,A,b,CR1B7N,A,a,1096484416,
RO1B8E,A,b,CR1B8E,A,a,1096484416,
RO1B8N,A,b,CR1B8N,A,a,1096484416,
RO2A1E,A,b,CR2A1E,A,a,1096484416,
RO2A1N,A,b,CR2A1N,A,a,1096484416,
RO2A2E,A,b,CR2A2E,A,a,1096484416,
RO2A2N,A,b,CR2A2N,A,a,1096484416,
RO2A3E,A,b,CR2A3E,A,a,1096484416,
RO2A3N,A,b,CR2A3N,A,a,1096484416,
RO2A4E,A,b,CR2A4E,A,a,1096484416,
RO2A4N,A,b,CR2A4N,A,a,1096484416,
RO2A5E,A,b,CR2A5E,A,a,1096484416,
RO2A5N,A,b,CR2A5N,A,a,1096484416,
RO2A6E,A,b,CR2A6E,A,a,1096484416,
RO2A6N,A,b,CR2A6N,A,a,1096484416,
RO2A7E,A,b,CR2A7E,A,a,1096484416,
RO2A7N,A,b,CR2A7N,A,a,1096484416,
RO2A8E,A,b,CR2A8E,A,a,1096484416,
RO2A8N,A,b,CR2A8N,A,a,1096484416,
RO2B1E,A,b,CR2B1E,A,a,1096484416,
RO2B1N,A,b,CR2B1N,A,a,1096484416,
RO2B2E,A,b,CR2B2E,A,a,1096484416,
RO2B2N,A,b,CR2B2N,A,a,1096484416,
RO2B3E,A,b,CR2B3E,A,a,1096484416,
RO2B3N,A,b,CR2B3N,A,a,1096484416,
RO2B4E,A,b,CR2B4E,A,a,1096484416,
RO2B4N,A,b,CR2B4N,A,a,1096484416,
RO2B5E,A,b,CR2B5E,A,a,1096484416,
RO2B5N,A,b,CR2B5N,A,a,1096484416,
RO2B6E,A,b,CR2B6E,A,a,1096484416,
RO2B6N,A,b,CR2B6N,A,a,1096484416,
RO2B7E,A,b,CR2B7E,A,a,1096484416,
RO2B7N,A,b,CR2B7N,A,a,1096484416,
RO2B8E,A,b,CR2B8E,A,a,1096484416,
RO2B8N,A,b,CR2B8N,A,a,1096484416,
RO3A1E,A,b,CR3A1E,A,a,1096484416,
RO3A1N,A,b,CR3A1N,A,a,1096484416,
RO3A2E,A,b,CR3A2E,A,a,1096484416,
RO3A2N,A,b,CR3A2N,A,a,1096484416,
RO3A3E,A,b,CR3A3E,A,a,1096484416,
RO3A3N,A,b,CR3A3N,A,a,1096484416,
RO3A4E,A,b,CR3A4E,A,a,1096484416,
RO3A4N,A,b,CR3A4N,A,a,1096484416,
RO3A5E,A,b,CR3A5E,A,a,1096484416,
RO3A5N,A,b,CR3A5N,A,a,1096484416,
RO3A6E,A,b,CR3A6E,A,a,1096484416,
RO3A6N,A,b,CR3A6N,A,a,1096484416,
RO3A7E,A,b,CR3A7E,A,a,1096484416,
RO3A7N,A,b,CR3A7N,A,a,1096484416,
RO3A8E,A,b,CR3A8E,A,a,1096484416,
RO3A8N,A,b,CR3A8N,A,a,1096484416,
RO3B1E,A,b,CR3B1E,A,a,1096484416,
RO3B1N,A,b,CR3B1N,A,a,1096484416,
RO3B2E,A,b,CR3B2E,A,a,1096484416,
RO3B2N,A,b,CR3B2N,A,a,1096484416,
RO3B3E,A,b,CR3B3E,A,a,1096484416,
RO3B3N,A,b,CR3B3N,A,a,1096484416,
RO3B4E,A,b,CR3B4E,A,a,1096484416,
RO3B4N,A,b,CR3B4N,A,a,1096484416,
RO3B5E,A,b,CR3B5E,A,a,1096484416,
RO3B5N,A,b,CR3B5N,A,a,1096484416,
RO3B6E,A,b,CR3B6E,A,a,1096484416,
RO3B6N,A,b,CR3B6N,A,a,1096484416,
RO3B7E,A,b,CR3B7E,A,a,1096484416,
RO3B7N,A,b,CR3B7N,A,a,1096484416,
RO4A1E,A,b,CR4A1E,A,a,1096484416,
RO4A1N,A,b,CR4A1N,A,a,1096484416,
RO4A2E,A,b,CR4A2E,A,a,1096484416,
RO4A2N,A,b,CR4A2N,A,a,1096484416,
RO4A3E,A,b,CR4A3E,A,a,1096484416,
RO4A3N,A,b,CR4A3N,A,a,1096484416,
RO4A4E,A,b,CR4A4E,A,a,1096484416,
RO4A4N,A,b,CR4A4N,A,a,1096484416,
RO4A5E,A,b,CR4A5E,A,a,1096484416,
RO4A5N,A,b,CR4A5N,A,a,1096484416,
RO4A6E,A,b,CR4A6E,A,a,1096484416,
RO4A6N,A,b,CR4A6N,A,a,1096484416,
RO4A7E,A,b,CR4A7E,A,a,1096484416,
RO4A7N,A,b,CR4A7N,A,a,1096484416,
RO4A8E,A,b,CR4A8E,A,a,1096484416,
RO4A8N,A,b,CR4A8N,A,a,1096484416,
RO4B1E,A,b,CR4B1E,A,a,1096484416,
RO4B1N,A,b,CR4B1N,A,a,1096484416,
RO4B2E,A,b,CR4B2E,A,a,1096484416,
RO4B2N,A,b,CR4B2N,A,a,1096484416,
RO4B3E,A,b,CR4B3E,A,a,1096484416,
RO4B3N,A,b,CR4B3N,A,a,1096484416,
RO4B4E,A,b,CR4B4E,A,a,1096484416,
RO4B4N,A,b,CR4B4N,A,a,1096484416,
RO4B5E,A,b,CR4B5E,A,a,1096484416,
RO4B5N,A,b,CR4B5N,A,a,1096484416,
RO4B6E,A,b,CR4B6E,A,a,1096484416,
RO4B6N,A,b,CR4B6N,A,a,1096484416,
RO4B7E,A,b,CR4B7E,A,a,1096484416,
RO4B7N,A,b,CR4B7N,A,a,1096484416,
RO4B8E,A,b,CR4B8E,A,a,1096484416,
RO4B8N,A,b,CR4B8N,A,a,1096484416,
RO5A1E,A,b,CR5A1E,A,a,1096484416,
RO5A1N,A,b,CR5A1N,A,a,1096484416,
RO5A2E,A,b,CR5A2E,A,a,1096484416,
RO5A2N,A,b,CR5A2N,A,a,1096484416,
RO5A3E,A,b,CR5A3E,A,a,1096484416,
RO5A3N,A,b,CR5A3N,A,a,1096484416,
RO5A4E,A,b,CR5A4E,A,a,1096484416,
RO5A4N,A,b,CR5A4N,A,a,1096484416,
RO5A5E,A,b,CR5A5E,A,a,1096484416,
RO5A5N,A,b,CR5A5N,A,a,1096484416,
RO5A6E,A,b,CR5A6E,A,a,1096484416,
RO5A6N,A,b,CR5A6N,A,a,1096484416,
RO5A7E,A,b,CR5A7E,A,a,1096484416,
RO5A7N,A,b,CR5A7N,A,a,1096484416,
RO5A8E,A,b,CR5A8E,A,a,1096484416,
RO5A8N,A,b,CR5A8N,A,a,1096484416,
RO5B1E,A,b,CR5B1E,A,a,1096484416,
RO5B1N,A,b,CR5B1N,A,a,1096484416,
RO5B2E,A,b,CR5B2E,A,a,1096484416,
RO5B2N,A,b,CR5B2N,A,a,1096484416,
RO5B3E,A,b,CR5B3E,A,a,1096484416,
RO5B3N,A,b,CR5B3N,A,a,1096484416,
RO5B4E,A,b,CR5B4E,A,a,1096484416,
RO5B4N,A,b,CR5B4N,A,a,1096484416,
RO5B5E,A,b,CR5B5E,A,a,1096484416,
RO5B5N,A,b,CR5B5N,A,a,1096484416,
RO5B6E,A,b,CR5B6E,A,a,1096484416,
RO5B6N,A,b,CR5B6N,A,a,1096484416,
RO5B7E,A,b,CR5B7E,A,a,1096484416,
RO5B7N,A,b,CR5B7N,A,a,1096484416,
RO5B8E,A,b,CR5B8E,A,a,1096484416,
RO5B8N,A,b,CR5B8N,A,a,1096484416,
RO6A1E,A,b,CR6A1E,A,a,1096484416,
RO6A1N,A,b,CR6A1N,A,a,1096484416,
RO6A2E,A,b,CR6A2E,A,a,1096484416,
RO6A2N,A,b,CR6A2N,A,a,1096484416,
RO6A3E,A,b,CR6A3E,A,a,1096484416,
RO6A3N,A,b,CR6A3N,A,a,1096484416,
RO6A4E,A,b,CR6A4E,A,a,1096484416,
RO6A4N,A,b,CR6A4N,A,a,1096484416,
RO6A5E,A,b,CR6A5E,A,a,1096484416,
RO6A5N,A,b,CR6A5N,A,a,1096484416,
RO6A6E,A,b,CR6A6E,A,a,1096484416,
RO6A6N,A,b,CR6A6N,A,a,1096484416,
RO6A7E,A,b,CR6A7E,A,a,1096484416,
RO6A7N,A,b,CR6A7N,A,a,1096484416,
RO6A8E,A,b,CR6A8E,A,a,1096484416,
RO6A8N,A,b,CR6A8N,A,a,1096484416,
RO6B1E,A,b,CR6B1E,A,a,1096484416,
RO6B1N,A,b,CR6B1N,A,a,1096484416,
RO6B2E,A,b,CR6B2E,A,a,1096484416,
RO6B2N,A,b,CR6B2N,A,a,1096484416,
RO6B3E,A,b,CR6B3E,A,a,1096484416,
RO6B3N,A,b,CR6B3N,A,a,1096484416,
RO6B4E,A,b,CR6B4E,A,a,1096484416,
RO6B4N,A,b,CR6B4N,A,a,1096484416,
RO6B5E,A,b,CR6B5E,A,a,1096484416,
RO6B5N,A,b,CR6B5N,A,a,1096484416,
RO6B6E,A,b,CR6B6E,A,a,1096484416,
RO6B6N,A,b,CR6B6N,A,a,1096484416,
RO6B7E,A,b,CR6B7E,A,a,1096484416,
RO6B7N,A,b,CR6B7N,A,a,1096484416,
RO6B8E,A,b,CR6B8E,A,a,1096484416,
RO6B8N,A,b,CR6B8N,A,a,1096484416,
RO7A1E,A,b,CR7A1E,A,a,1096484416,
RO7A1N,A,b,CR7A1N,A,a,1096484416,
RO7A2E,A,b,CR7A2E,A,a,1096484416,
RO7A2N,A,b,CR7A2N,A,a,1096484416,
RO7A3E,A,b,CR7A3E,A,a,1096484416,
RO7A3N,A,b,CR7A3N,A,a,1096484416,
RO7A4E,A,b,CR7A4E,A,a,1096484416,
RO7A4N,A,b,CR7A4N,A,a,1096484416,
RO7A5E,A,b,CR7A5E,A,a,1096484416,
RO7A5N,A,b,CR7A5N,A,a,1096484416,
RO7A6E,A,b,CR7A6E,A,a,1096484416,
RO7A6N,A,b,CR7A6N,A,a,1096484416,
RO7A7E,A,b,CR7A7E,A,a,1096484416,
RO7A7N,A,b,CR7A7N,A,a,1096484416,
RO7A8E,A,b,CR7A8E,A,a,1096484416,
RO7A8N,A,b,CR7A8N,A,a,1096484416,
RO7B1E,A,b,CR7B1E,A,a,1096484416,
RO7B1N,A,b,CR7B1N,A,a,1096484416,
RO7B2E,A,b,CR7B2E,A,a,1096484416,
RO7B2N,A,b,CR7B2N,A,a,1096484416,
RO7B3E,A,b,CR7B3E,A,a,1096484416,
RO7B3N,A,b,CR7B3N,A,a,1096484416,
RO7B4E,A,b,CR7B4E,A,a,1096484416,
RO7B4N,A,b,CR7B4N,A,a,1096484416,
RO7B5E,A,b,CR7B5E,A,a,1096484416,
RO7B5N,A,b,CR7B5N,A,a,1096484416,
RO7B6E,A,b,CR7B6E,A,a,1096484416,
RO7B6N,A,b,CR7B6N,A,a,1096484416,
RO7B7E,A,b,CR7B7E,A,a,1096484416,
RO7B7N,A,b,CR7B7N,A,a,1096484416,
RO7B8E,A,b,CR7B8E,A,a,1096484416,
RO7B8N,A,b,CR7B8N,A,a,1096484416,
RO8A1E,A,b,CR8A1E,A,a,1096484416,
RO8A1N,A,b,CR8A1N,A,a,1096484416,
RO8A2E,A,b,CR8A2E,A,a,1096484416,
RO8A2N,A,b,CR8A2N,A,a,1096484416,
RO8A3E,A,b,CR8A3E,A,a,1096484416,
RO8A3N,A,b,CR8A3N,A,a,1096484416,
RO8A4E,A,b,CR8A4E,A,a,1096484416,
RO8A4N,A,b,CR8A4N,A,a,1096484416,
RO8A5E,A,b,CR8A5E,A,a,1096484416,
RO8A5N,A,b,CR8A5N,A,a,1096484416,
RO8A6E,A,b,CR8A6E,A,a,1096484416,
RO8A6N,A,b,CR8A6N,A,a,1096484416,
RO8A7E,A,b,CR8A7E,A,a,1096484416,
RO8A7N,A,b,CR8A7N,A,a,1096484416,
RO8A8E,A,b,CR8A8E,A,a,1096484416,
RO8A8N,A,b,CR8A8N,A,a,1096484416,
RO8B1E,A,b,CR8B1E,A,a,1096484416,
RO8B1N,A,b,CR8B1N,A,a,1096484416,
RO8B2E,A,b,CR8B2E,A,a,1096484416,
RO8B2N,A,b,CR8B2N,A,a,1096484416,
RO8B3E,A,b,CR8B3E,A,a,1096484416,
RO8B3N,A,b,CR8B3N,A,a,1096484416,
RO8B4E,A,b,CR8B4E,A,a,1096484416,
RO8B4N,A,b,CR8B4N,A,a,1096484416,
RO8B5E,A,b,CR8B5E,A,a,1096484416,
RO8B5N,A,b,CR8B5N,A,a,1096484416,
RO8B6E,A,b,CR8B6E,A,a,1096484416,
RO8B6N,A,b,CR8B6N,A,a,1096484416,
RO8B7E,A,b,CR8B7E,A,a,1096484416,
RO8B7N,A,b,CR8B7N,A,a,1096484416,
RO8B8E,A,b,CR8B8E,A,a,1096484416,
RO8B8N,A,b,CR8B8N,A,a,1096484416,
SA11,A,ground,A55,P,ground,1096484416,
SA13,A,ground,A27,P,ground,1096484416,
SA5,A,ground,A25,P,ground,1096484416,1146499217.0
SA7,A,ground,A48,P,ground,1096484416,1172539271.0
SA9,A,ground,A24,P,ground,1096484416,
SC10,A,ground,A77,P,ground,1096484416,
SC11,A,ground,A32,P,ground,1096484416,
SC12,A,ground,A78,P,ground,1096484416,
SC13,A,ground,A30,P,ground,1096484416,
SC14,A,ground,A79,P,ground,1096484416,
SC5,A,ground,A35,P,ground,1096484416,1170172818.0
SC6,A,ground,A75,P,ground,1096484416,1173298416.0
SC7,A,ground,A18,P,ground,1096484416,1170172818.0
SC8,A,ground,A76,P,ground,1096484416,
SC9,A,ground,A5,P,ground,1096484416,
SE11,A,ground,A7,P,ground,1096484416,
SE13,A,ground,A12,P,ground,1096484416,
SE5,A,ground,A33,P,ground,1096484416,1170172818.0
SE7,A,ground,A6,P,ground,1096383616,1096470016.0
SE9,A,ground,A52,P,ground,1096484416,
SG10,A,ground,A109,P,ground,1096484416,
SG11,A,ground,A60,P,ground,1096484416,
SG12,A,ground,A110,P,ground,1096484416,
SG13,A,ground,A39,P,ground,1096484416,
SG14,A,ground,A111,P,ground,1096484416,
SG5,A,ground,A8,P,ground,1096484416,1173298495.0
SG6,A,ground,A107,P,ground,1096484416,1170172818.0
SG7,A,ground,A11,P,ground,1096484416,1170172818.0
SG8,A,ground,A108,P,ground,1096484416,1172539335.0
SG9,A,ground,A36,P,ground,1096484416,
A0,P,focus,FDP0,A,input,1096484416,
A1,P,focus,FDP1,A,input,1096484416,
A10,P,focus,FDP10,A,input,1096383616,1096470016.0
A10,T,focus,FDA10,A,input,1096470016,
A100,P,focus,FDP100,A,input,1096484416,
A101,P,focus,FDP101,A,input,1096484416,
A102,P,focus,FDP102,A,input,1096484416,
A103,P,focus,FDP103,A,input,1096484416,
A104,P,focus,FDP104,A,input,1096383616,1096484416.0
A104,T,focus,FDA104,A,input,1096484416,
A105,P,focus,FDP105,A,input,1096383616,1096470016.0
A105,T,focus,FDA105,A,input,1096470016,
A106,P,focus,FDP106,A,input,1096484416,
A107,P,focus,FDP107,A,input,1096484416,1170172818.0
A107,T,focus,FDA107,B,input,1170172818,
A108,P,focus,FDP108,A,input,1096484416,1172539335.0
A108,T,focus,FDA108,B,input,1172539336,
A109,P,focus,FDP109,A,input,1096484416,
A11,P,focus,FDP11,A,input,1096484416,1170172818.0
A11,T,focus,FDA11,B,input,1170172818,
A110,P,focus,FDP110,A,input,1096484416,
A111,P,focus,FDP111,A,input,1096484416,
A112,P,focus,FDP112,A,input,1096383616,1096470016.0
A112,T,focus,FDA112,A,input,1096470016,
A113,P,focus,FDP113,A,input,1096484416,
A114,P,focus,FDP114,A,input,1096484416,
A115,P,focus,FDP115,A,input,1096484416,
A116,P,focus,FDP116,A,input,1096484416,
A117,P,focus,FDP117,A,input,1096484416,
A118,P,focus,FDP118,A,input,1096484416,
A119,P,focus,FDP119,A,input,1096484416,
A12,P,focus,FDP12,A,input,1096484416,
A120,P,focus,FDP120,A,input,1096484416,
A121,P,focus,FDP121,A,input,1096484416,
A122,P,focus,FDP122,A,input,1096484416,
A123,P,focus,FDP123,A,input,1096484416,
A124,P,focus,FDP124,A,input,1096484416,
A125,P,focus,FDP125,A,input,1096484416,
A126,P,focus,FDP126,A,input,1096484416,1146499217.0
A127,P,focus,FDP127,A,input,1096484416,1170172818.0
A127,T,focus,FDA127,B,input,1170172818,
A13,P,focus,FDP13,A,input,1096484416,
A14,P,focus,FDP14,A,input,1096484416,
A15,P,focus,FDP15,A,input,1096484416,
A16,P,focus,FDP16,A,input,1096484416,1170172818.0
A16,T,focus,FDA16,B,input,1170172818,
A17,P,focus,FDP17,A,input,1096484416,
A18,P,focus,FDP18,A,input,1096484416,1170172818.0
A18,T,focus,FDA18,B,input,1170172818,
A19,P,focus,FDP19,A,input,1096484416,1177641109.0
A19,T,focus,FDA19,B,input,1177641109,
A2,P,focus,FDP2,A,input,1096484416,
A20,P,focus,FDP20,A,input,1096408816,1096495216.0
A20,T,focus,FDA20,A,input,1096495216,
A21,P,focus,FDP21,A,input,1096484416,
A22,P,focus,FDP22,A,input,1096383616,1096470016.0
A22,T,focus,FDA22,A,input,1096470016,
A23,P,focus,FDP23,A,input,1096484416,
A24,P,focus,FDP24,A,input,1096484416,
A25,P,focus,FDP25,A,input,1096484416,1146499217.0
A26,P,focus,FDP26,A,input,1096484416,
A27,P,focus,FDP27,A,input,1096484416,
A28,P,focus,FDP28,A,input,1096484416,
A29,P,focus,FDP29,A,input,1096484416,1172539108.0
A29,T,focus,FDA29,B,input,1172539108,
A3,P,focus,FDP3,A,input,1096484416,
A30,P,focus,FDP30,A,input,1096484416,
A31,P,focus,FDP31,A,input,1096434016,1096520416.0
A31,T,focus,FDA31,A,input,1096520416,
A32,P,focus,FDP32,A,input,1096484416,
A33,P,focus,FDP33,A,input,1096484416,1170172818.0
A33,T,focus,FDA33,B,input,1170172818,
A34,P,focus,FDP34,A,input,1096484416,
A35,P,focus,FDP35,A,input,1096484416,1170172818.0
A35,T,focus,FDA35,B,input,1170172818,
A36,P,focus,FDP36,A,input,1096484416,
A37,P,focus,FDP37,A,input,1096484416,
A38,P,focus,FDP38,A,input,1096484416,
A39,P,focus,FDP39,A,input,1096484416,
A4,P,focus,FDP4,A,input,1096484416,
A40,P,focus,FDP40,A,input,1096484416,
A41,P,focus,FDP41,A,input,1096484416,1146499217.0
A42,P,focus,FDP42,A,input,1096484416,
A43,P,focus,FDP43,A,input,1096383616,1096470016.0
A43,T,focus,FDA43,A,input,1096470016,
A44,P,focus,FDP44,A,input,1096484416,
A45,P,focus,FDP45,A,input,1096484416,
A46,P,focus,FDP46,A,input,1096484416,
A47,P,focus,FDP47,A,input,1096484416,
A48,P,focus,FDP48,A,input,1096484416,1172539271.0
A48,T,focus,FDA48,B,input,1172539272,
A49,P,focus,FDP49,A,input,1096484416,
A5,P,focus,FDP5,A,input,1096484416,
A50,P,focus,FDP50,A,input,1096484416,
A51,P,focus,FDP51,A,input,1096484416,
A52,P,focus,FDP52,A,input,1096484416,
A53,P,focus,FDP53,A,input,1096434016,1096520416.0
A53,T,focus,FDA53,A,input,1096520416,
A54,P,focus,FDP54,A,input,1096484416,
A55,P,focus,FDP55,A,input,1096484416,
A56,P,focus,FDP56,A,input,1096484416,
A57,P,focus,FDP57,A,input,1096484416,
A58,P,focus,FDP58,A,input,1096484416,
A59,P,focus,FDP59,A,input,1096484416,
A6,P,focus,FDP6,A,input,1096383616,1096470016.0
A6,T,focus,FDA6,B,input,1096470016,
A60,P,focus,FDP60,A,input,1096484416,
A61,P,focus,FDP61,A,input,1096484416,
A62,P,focus,FDP62,A,input,1096484416,
A63,P,focus,FDP63,A,input,1096484416,
A64,P,focus,FDP64,A,input,1096484416,1167580818.0
A64,T,focus,FDA64,A,input,1167580818,
A65,P,focus,FDP65,A,input,1096408816,1096495216.0
A65,T,focus,FDA65,A,input,1096495216,
A66,P,focus,FDP66,A,input,1096484416,
A67,P,focus,FDP67,A,input,1096484416,
A68,P,focus,FDP68,A,input,1096484416,
A69,P,focus,FDP69,A,input,1096484416,
A7,P,focus,FDP7,A,input,1096484416,
A70,P,focus,FDP70,A,input,1096484416,
A71,P,focus,FDP71,A,input,1096484416,
A72,P,focus,FDP72,A,input,1096383616,1096470016.0
A72,T,focus,FDA72,A,input,1096470016,
A73,P,focus,FDP73,A,input,1096484416,
A74,P,focus,FDP74,A,input,1096484416,
A75,P,focus,FDP75,A,input,1096484416,1173298416.0
A75,T,focus,FDA75,B,input,1173298416,
A76,P,focus,FDP76,A,input,1096484416,
A77,P,focus,FDP77,A,input,1096484416,
A78,P,focus,FDP78,A,input,1096484416,
A79,P,focus,FDP79,A,input,1096484416,
A8,P,focus,FDP8,A,input,1096484416,1173298495.0
A8,T,focus,FDA8,B,input,1173298495,
A80,P,focus,FDP80,A,input,1096383616,1096484416.0
A80,T,focus,FDA80,A,input,1096484416,
A81,P,focus,FDP81,A,input,1096383616,1096470016.0
A81,T,focus,FDA81,A,input,1096470016,
A82,P,focus,FDP82,A,input,1096484416,
A83,P,focus,FDP83,A,input,1096484416,
A84,P,focus,FDP84,A,input,1096484416,
A85,P,focus,FDP85,A,input,1096484416,
A86,P,focus,FDP86,A,input,1096484416,
A87,P,focus,FDP87,A,input,1096484416,
A88,P,focus,FDP88,A,input,1096408816,1096495216.0
A88,T,focus,FDA88,A,input,1096495216,
A89,P,focus,FDP89,A,input,1096383616,1096470016.0
A89,T,focus,FDA89,A,input,1096470016,
A9,P,focus,FDP9,A,input,1096408816,1096495216.0
A9,T,focus,FDA9,A,input,1096495216,
A90,P,focus,FDP90,A,input,1096484416,
A91,P,focus,FDP91,A,input,1096484416,1173298456.0
A91,T,focus,FDA91,B,input,1173298457,
A92,P,focus,FDP92,A,input,1096484416,1172694262.0
A92,T,focus,FDA92,B,input,1172694263,
A93,P,focus,FDP93,A,input,1096484416,
A94,P,focus,FDP94,A,input,1096484416,
A95,P,focus,FDP95,A,input,1096484416,
A96,P,focus,FDP96,A,input,1096398016,1096484416.0
A96,T,focus,FDA96,A,input,1096484416,
A97,P,focus,FDP97,A,input,1096383616,1096470016.0
A97,T,focus,FDA97,A,input,1096470016,
A98,P,focus,FDP98,A,input,1096484416,
A99,P,focus,FDP99,A,input,1096484416,
C7F0,A,eb,RI8A3E,A,a,1096484416,
C7F0,A,nb,RI8A3N,A,a,1096484416,
C7F1,A,eb,RI2B5E,A,a,1096484416,
C7F1,A,nb,RI2B5N,A,a,1096484416,
C7F10,A,eb,RI2B1E,A,a,1096484416,
C7F10,A,nb,RI2B1N,A,a,1096484416,
C7F100,A,eb,RI4A3E,A,a,1096484416,
C7F100,A,nb,RI4A3N,A,a,1096484416,
C7F101,A,eb,RI4A6E,A,a,1096484416,
C7F101,A,nb,RI4A6N,A,a,1096484416,
C7F102,A,eb,RI5B7E,A,a,1096484416,
C7F102,A,nb,RI5B7N,A,a,1096484416,
C7F103,A,eb,RI5A2E,A,a,1096484416,
C7F103,A,nb,RI5A2N,A,a,1096484416,
C7F104,A,eb,RI3B7E,A,a,1096484416,
C7F104,A,nb,RI3B7N,A,a,1096484416,
C7F105,A,eb,RI3A2E,A,a,1096484416,
C7F105,A,nb,RI3A2N,A,a,1096484416,
C7F106,A,eb,RI4B6E,A,a,1096484416,
C7F106,A,nb,RI4B6N,A,a,1096484416,
C7F107,A,eb,RI3B3E,A,a,1096484416,
C7F107,A,nb,RI3B3N,A,a,1096484416,
C7F108,A,eb,RI5A1E,A,a,1096484416,
C7F108,A,nb,RI5A1N,A,a,1096484416,
C7F109,A,eb,RI4B1E,A,a,1096484416,
C7F109,A,nb,RI4B1N,A,a,1096484416,
C7F11,A,eb,RI1B5E,A,a,1096484416,
C7F11,A,nb,RI1B5N,A,a,1096484416,
C7F110,A,eb,RI5A7E,A,a,1096484416,
C7F110,A,nb,RI5A7N,A,a,1096484416,
C7F111,A,eb,RI5B2E,A,a,1096484416,
C7F111,A,nb,RI5B2N,A,a,1096484416,
C7F112,A,eb,RI3A8E,A,a,1096484416,
C7F112,A,nb,RI3A8N,A,a,1096484416,
C7F114,A,eb,RI8B4E,A,a,1096484416,
C7F114,A,nb,RI8B4N,A,a,1096484416,
C7F115,A,eb,RI8B6E,A,a,1096484416,
C7F115,A,nb,RI8B6N,A,a,1096484416,
C7F116,A,eb,RI6A1E,A,a,1096484416,
C7F116,A,nb,RI6A1N,A,a,1096484416,
C7F117,A,eb,RI8A7E,A,a,1096484416,
C7F117,A,nb,RI8A7N,A,a,1096484416,
C7F118,A,eb,RI8B8E,A,a,1096484416,
C7F118,A,nb,RI8B8N,A,a,1096484416,
C7F119,A,eb,RI8B3E,A,a,1096484416,
C7F119,A,nb,RI8B3N,A,a,1096484416,
C7F12,A,eb,RI6B7E,A,a,1096484416,
C7F12,A,nb,RI6B7N,A,a,1096484416,
C7F120,A,eb,RI8A2E,A,a,1096484416,
C7F120,A,nb,RI8A2N,A,a,1096484416,
C7F121,A,eb,RI8A5E,A,a,1096484416,
C7F121,A,nb,RI8A5N,A,a,1096484416,
C7F122,A,eb,RI6B4E,A,a,1096484416,
C7F122,A,nb,RI6B4N,A,a,1096484416,
C7F123,A,eb,RI6A3E,A,a,1096484416,
C7F123,A,nb,RI6A3N,A,a,1096484416,
C7F124,A,eb,RI6A5E,A,a,1096484416,
C7F124,A,nb,RI6A5N,A,a,1096484416,
C7F125,A,eb,RI8A8E,A,a,1096484416,
C7F125,A,nb,RI8A8N,A,a,1096484416,
C7F126,A,eb,RI8B7E,A,a,1096484416,
C7F126,A,nb,RI8B7N,A,a,1096484416,
C7F127,A,eb,RI8A4E,A,a,1096484416,
C7F127,A,nb,RI8A4N,A,a,1096484416,
C7F13,A,eb,RI8A1E,A,a,1096484416,
C7F13,A,nb,RI8A1N,A,a,1096484416,
C7F14,A,eb,RI8B5E,A,a,1096484416,
C7F14,A,nb,RI8B5N,A,a,1096484416,
C7F15,A,eb,RI1A7E,A,a,1096484416,
C7F15,A,nb,RI1A7N,A,a,1096484416,
C7F16,A,eb,RI1B3E,A,a,1096484416,
C7F16,A,nb,RI1B3N,A,a,1096484416,
C7F17,A,eb,RI6B3E,A,a,1096484416,
C7F17,A,nb,RI6B3N,A,a,1096484416,
C7F18,A,eb,RI7B7E,A,a,1096484416,
C7F18,A,nb,RI7B7N,A,a,1096484416,
C7F19,A,eb,RI1B1E,A,a,1096484416,
C7F19,A,nb,RI1B1N,A,a,1096484416,
C7F2,A,eb,RI1A8E,A,a,1096484416,
C7F2,A,nb,RI1A8N,A,a,1096484416,
C7F20,A,eb,RI1A3E,A,a,1096484416,
C7F20,A,nb,RI1A3N,A,a,1096484416,
C7F21,A,eb,RI1A4E,A,a,1096484416,
C7F21,A,nb,RI1A4N,A,a,1096484416,
C7F22,A,eb,RI2A8E,A,a,1096484416,
C7F22,A,nb,RI2A8N,A,a,1096484416,
C7F23,A,eb,RI7A4E,A,a,1096484416,
C7F23,A,nb,RI7A4N,A,a,1096484416,
C7F24,A,eb,RI6A2E,A,a,1096484416,
C7F24,A,nb,RI6A2N,A,a,1096484416,
C7F25,A,eb,RI2A6E,A,a,1096484416,
C7F25,A,nb,RI2A6N,A,a,1096484416,
C7F26,A,eb,RI8B2E,A,a,1096484416,
C7F26,A,nb,RI8B2N,A,a,1096484416,
C7F27,A,eb,RI7B8E,A,a,1096484416,
C7F27,A,nb,RI7B8N,A,a,1096484416,
C7F28,A,eb,RI6A8E,A,a,1096484416,
C7F28,A,nb,RI6A8N,A,a,1096484416,
C7F29,A,eb,RI1B4E,A,a,1096484416,
C7F29,A,nb,RI1B4N,A,a,1096484416,
C7F3,A,eb,RI2A3E,A,a,1096484416,
C7F3,A,nb,RI2A3N,A,a,1096484416,
C7F30,A,eb,RI6B8E,A,a,1096484416,
C7F30,A,nb,RI6B8N,A,a,1096484416,
C7F31,A,eb,RI1A6E,A,a,1096484416,
C7F31,A,nb,RI1A6N,A,a,1096484416,
C7F32,A,eb,RI7A8E,A,a,1096484416,
C7F32,A,nb,RI7A8N,A,a,1096484416,
C7F33,A,eb,RI1B7E,A,a,1096484416,
C7F33,A,nb,RI1B7N,A,a,1096484416,
C7F34,A,eb,RI7A7E,A,a,1096484416,
C7F34,A,nb,RI7A7N,A,a,1096484416,
C7F35,A,eb,RI2B4E,A,a,1096484416,
C7F35,A,nb,RI2B4N,A,a,1096484416,
C7F36,A,eb,RI7B4E,A,a,1096484416,
C7F36,A,nb,RI7B4N,A,a,1096484416,
C7F37,A,eb,RI1A2E,A,a,1096484416,
C7F37,A,nb,RI1A2N,A,a,1096484416,
C7F38,A,eb,RI6A6E,A,a,1096484416,
C7F38,A,nb,RI6A6N,A,a,1096484416,
C7F39,A,eb,RI7B2E,A,a,1096484416,
C7F39,A,nb,RI7B2N,A,a,1096484416,
C7F4,A,eb,RI6B1E,A,a,1096484416,
C7F4,A,nb,RI6B1N,A,a,1096484416,
C7F40,A,eb,RI6B6E,A,a,1096484416,
C7F40,A,nb,RI6B6N,A,a,1096484416,
C7F41,A,eb,RI2A4E,A,a,1096484416,
C7F41,A,nb,RI2A4N,A,a,1096484416,
C7F42,A,eb,RI1B6E,A,a,1096484416,
C7F42,A,nb,RI1B6N,A,a,1096484416,
C7F43,A,eb,RI2A7E,A,a,1096484416,
C7F43,A,nb,RI2A7N,A,a,1096484416,
C7F44,A,eb,RI8A6E,A,a,1096484416,
C7F44,A,nb,RI8A6N,A,a,1096484416,
C7F45,A,eb,RI2B7E,A,a,1096484416,
C7F45,A,nb,RI2B7N,A,a,1096484416,
C7F46,A,eb,RI7A2E,A,a,1096484416,
C7F46,A,nb,RI7A2N,A,a,1096484416,
C7F47,A,eb,RI1B8E,A,a,1096484416,
C7F47,A,nb,RI1B8N,A,a,1096484416,
C7F48,A,eb,RI7A5E,A,a,1096484416,
C7F48,A,nb,RI7A5N,A,a,1096484416,
C7F49,A,eb,RI2A5E,A,a,1096484416,
C7F49,A,nb,RI2A5N,A,a,1096484416,
C7F5,A,eb,RI6B2E,A,a,1096484416,
C7F5,A,nb,RI6B2N,A,a,1096484416,
C7F50,A,eb,RI7B1E,A,a,1096484416,
C7F50,A,nb,RI7B1N,A,a,1096484416,
C7F51,A,eb,RI8B1E,A,a,1096484416,
C7F51,A,nb,RI8B1N,A,a,1096484416,
C7F52,A,eb,RI7A3E,A,a,1096484416,
C7F52,A,nb,RI7A3N,A,a,1096484416,
C7F53,A,eb,RI2B8E,A,a,1096484416,
C7F53,A,nb,RI2B8N,A,a,1096484416,
C7F54,A,eb,RI6A7E,A,a,1096484416,
C7F54,A,nb,RI6A7N,A,a,1096484416,
C7F55,A,eb,RI7A1E,A,a,1096484416,
C7F55,A,nb,RI7A1N,A,a,1096484416,
C7F56,A,eb,RI7B6E,A,a,1096484416,
C7F56,A,nb,RI7B6N,A,a,1096484416,
C7F57,A,eb,RI6A4E,A,a,1096484416,
C7F57,A,nb,RI6A4N,A,a,1096484416,
C7F58,A,eb,RI2B2E,A,a,1096484416,
C7F58,A,nb,RI2B2N,A,a,1096484416,
C7F59,A,eb,RI7B5E,A,a,1096484416,
C7F59,A,nb,RI7B5N,A,a,1096484416,
C7F6,A,eb,RI1B2E,A,a,1096484416,
C7F6,A,nb,RI1B2N,A,a,1096484416,
C7F60,A,eb,RI7A6E,A,a,1096484416,
C7F60,A,nb,RI7A6N,A,a,1096484416,
C7F61,A,eb,RI1A1E,A,a,1096484416,
C7F61,A,nb,RI1A1N,A,a,1096484416,
C7F62,A,eb,RI6B5E,A,a,1096484416,
C7F62,A,nb,RI6B5N,A,a,1096484416,
C7F63,A,eb,RI2B6E,A,a,1096484416,
C7F63,A,nb,RI2B6N,A,a,1096484416,
C7F64,A,eb,RI3A3E,A,a,1096484416,
C7F64,A,nb,RI3A3N,A,a,1096484416,
C7F65,A,eb,RI2A1E,A,a,1096484416,
C7F65,A,nb,RI2A1N,A,a,1096484416,
C7F66,A,eb,RI3B5E,A,a,1096484416,
C7F66,A,nb,RI3B5N,A,a,1096484416,
C7F67,A,eb,RI5B1E,A,a,1096484416,
C7F67,A,nb,RI5B1N,A,a,1096484416,
C7F68,A,eb,RI4A4E,A,a,1096484416,
C7F68,A,nb,RI4A4N,A,a,1096484416,
C7F69,A,eb,RI5A8E,A,a,1096484416,
C7F69,A,nb,RI5A8N,A,a,1096484416,
C7F7,A,eb,RI7B3E,A,a,1096484416,
C7F7,A,nb,RI7B3N,A,a,1096484416,
C7F70,A,eb,RI5B3E,A,a,1096484416,
C7F70,A,nb,RI5B3N,A,a,1096484416,
C7F71,A,eb,RI5A4E,A,a,1096484416,
C7F71,A,nb,RI5A4N,A,a,1096484416,
C7F72,A,eb,RI3B2E,A,a,1096484416,
C7F72,A,nb,RI3B2N,A,a,1096484416,
C7F73,A,eb,RI3A5E,A,a,1096484416,
C7F73,A,nb,RI3A5N,A,a,1096484416,
C7F74,A,eb,RI4B4E,A,a,1096484416,
C7F74,A,nb,RI4B4N,A,a,1096484416,
C7F75,A,eb,RI1A5E,A,a,1096484416,
C7F75,A,nb,RI1A5N,A,a,1096484416,
C7F76,A,eb,RI4A5E,A,a,1096484416,
C7F76,A,nb,RI4A5N,A,a,1096484416,
C7F77,A,eb,RI4B2E,A,a,1096484416,
C7F77,A,nb,RI4B2N,A,a,1096484416,
C7F78,A,eb,RI5B4E,A,a,1096484416,
C7F78,A,nb,RI5B4N,A,a,1096484416,
C7F79,A,eb,RI5A5E,A,a,1096484416,
C7F79,A,nb,RI5A5N,A,a,1096484416,
C7F8,A,eb,RI3A6E,A,a,1096484416,
C7F8,A,nb,RI3A6N,A,a,1096484416,
C7F80,A,eb,RI3B4E,A,a,1096484416,
C7F80,A,nb,RI3B4N,A,a,1096484416,
C7F81,A,eb,RI3A4E,A,a,1096484416,
C7F81,A,nb,RI3A4N,A,a,1096484416,
C7F82,A,eb,RI4B7E,A,a,1096484416,
C7F82,A,nb,RI4B7N,A,a,1096484416,
C7F83,A,eb,RI4A8E,A,a,1096484416,
C7F83,A,nb,RI4A8N,A,a,1096484416,
C7F84,A,eb,RI4B3E,A,a,1096484416,
C7F84,A,nb,RI4B3N,A,a,1096484416,
C7F85,A,eb,RI5B8E,A,a,1096484416,
C7F85,A,nb,RI5B8N,A,a,1096484416,
C7F86,A,eb,RI5B6E,A,a,1096484416,
C7F86,A,nb,RI5B6N,A,a,1096484416,
C7F87,A,eb,RI5B5E,A,a,1096484416,
C7F87,A,nb,RI5B5N,A,a,1096484416,
C7F88,A,eb,RI3A7E,A,a,1096484416,
C7F88,A,nb,RI3A7N,A,a,1096484416,
C7F89,A,eb,RI3B6E,A,a,1096484416,
C7F89,A,nb,RI3B6N,A,a,1096484416,
C7F9,A,eb,RI2B3E,A,a,1096484416,
C7F9,A,nb,RI2B3N,A,a,1096484416,
C7F90,A,eb,RI4A7E,A,a,1096484416,
C7F90,A,nb,RI4A7N,A,a,1096484416,
C7F91,A,eb,RI3B1E,A,a,1096484416,
C7F91,A,nb,RI3B1N,A,a,1096484416,
C7F92,A,eb,RI4B5E,A,a,1096484416,
C7F92,A,nb,RI4B5N,A,a,1096484416,
C7F93,A,eb,RI4A1E,A,a,1096484416,
C7F93,A,nb,RI4A1N,A,a,1096484416,
C7F94,A,eb,RI5A6E,A,a,1096484416,
C7F94,A,nb,RI5A6N,A,a,1096484416,
C7F95,A,eb,RI5A3E,A,a,1096484416,
C7F95,A,nb,RI5A3N,A,a,1096484416,
C7F96,A,eb,RI2A2E,A,a,1096484416,
C7F96,A,nb,RI2A2N,A,a,1096484416,
C7F97,A,eb,RI3A1E,A,a,1096484416,
C7F97,A,nb,RI3A1N,A,a,1096484416,
C7F98,A,eb,RI4A2E,A,a,1096484416,
C7F98,A,nb,RI4A2N,A,a,1096484416,
C7F99,A,eb,RI4B8E,A,a,1096484416,
C7F99,A,nb,RI4B8N,A,a,1096484416,
CC1R1C1,A,b,DF3E4,A,input,1096484416,
CC1R1C2,A,b,DF3G4,A,input,1096484416,
CC1R1C3,A,b,DF3H4,A,input,1096484416,
CC1R1C4,A,b,DF3B4,A,input,1096484416,
CC1R1C5,A,b,DF3D2,A,input,1096484416,
CC1R1C6,A,b,DF2E4,A,input,1096484416,
CC1R1C7,A,b,DF2G2,A,input,1096484416,
CC1R1C8,A,b,DF2H4,A,input,1096484416,
CC1R2C1,A,b,DF3E3,A,input,1096484416,
CC1R2C2,A,b,DF3G3,A,input,1096484416,
CC1R2C3,A,b,DF3H3,A,input,1096484416,
CC1R2C4,A,b,DF3B3,A,input,1096484416,
CC1R2C5,A,b,DF3D1,A,input,1096484416,
CC1R2C6,A,b,DF2E3,A,input,1096484416,
CC1R2C7,A,b,DF2G1,A,input,1096484416,
CC1R2C8,A,b,DF2H3,A,input,1096484416,
CC1R3C1,A,b,DF3E2,A,input,1096484416,
CC1R3C2,A,b,DF3F4,A,input,1096484416,
CC1R3C3,A,b,DF3H2,A,input,1096484416,
CC1R3C4,A,b,DF3A4,A,input,1096484416,
CC1R3C5,A,b,DF3C4,A,input,1096484416,
CC1R3C6,A,b,DF2E2,A,input,1096484416,
CC1R3C7,A,b,DF2F4,A,input,1096484416,
CC1R3C8,A,b,DF2H2,A,input,1096484416,
CC1R4C1,A,b,DF3E1,A,input,1096484416,
CC1R4C2,A,b,DF3F3,A,input,1096484416,
CC1R4C3,A,b,DF3H1,A,input,1096484416,
CC1R4C4,A,b,DF3A3,A,input,1096484416,
CC1R4C5,A,b,DF3C3,A,input,1096484416,
CC1R4C6,A,b,DF2E1,A,input,1096484416,
CC1R4C7,A,b,DF2F3,A,input,1096484416,
CC1R4C8,A,b,DF2H1,A,input,1096484416,
CC1R5C1,A,b,DF3G2,A,input,1096484416,
CC1R5C2,A,b,DF3F2,A,input,1096484416,
CC1R5C3,A,b,DF3B2,A,input,1096484416,
CC1R5C4,A,b,DF3A2,A,input,1096484416,
CC1R5C5,A,b,DF3C2,A,input,1096484416,
CC1R5C6,A,b,DF3D4,A,input,1096484416,
CC1R5C7,A,b,DF2F2,A,input,1096484416,
CC1R5C8,A,b,DF2G4,A,input,1096484416,
CC1R6C1,A,b,DF3G1,A,input,1096484416,
CC1R6C2,A,b,DF3F1,A,input,1096484416,
CC1R6C3,A,b,DF3B1,A,input,1096484416,
CC1R6C4,A,b,DF3A1,A,input,1096484416,
CC1R6C5,A,b,DF3C1,A,input,1096484416,
CC1R6C6,A,b,DF3D3,A,input,1096484416,
CC1R6C7,A,b,DF2F1,A,input,1096484416,
CC1R6C8,A,b,DF2G3,A,input,1096484416,
CC2R1C1,A,b,DF2A4,A,input,1096484416,
CC2R1C2,A,b,DF2B4,A,input,1096484416,
CC2R1C3,A,b,DF1E2,A,input,1096484416,
CC2R1C4,A,b,DF1E4,A,input,1096484416,
CC2R1C5,A,b,DF1G4,A,input,1096484416,
CC2R1C6,A,b,DF1H4,A,input,1096484416,
CC2R1C7,A,b,DF1B4,A,input,1096484416,
CC2R1C8,A,b,DF1D4,A,input,1096484416,
CC2R2C1,A,b,DF2A3,A,input,1096484416,
CC2R2C2,A,b,DF2B3,A,input,1096484416,
CC2R2C3,A,b,DF1E1,A,input,1096484416,
CC2R2C4,A,b,DF1E3,A,input,1096484416,
CC2R2C5,A,b,DF1G3,A,input,1096484416,
CC2R2C6,A,b,DF1H3,A,input,1096484416,
CC2R2C7,A,b,DF1B3,A,input,1096484416,
CC2R2C8,A,b,DF1D3,A,input,1096484416,
CC2R3C1,A,b,DF2A2,A,input,1096484416,
CC2R3C2,A,b,DF2D2,A,input,1096484416,
CC2R3C3,A,b,DF2D4,A,input,1096484416,
CC2R3C4,A,b,DF1F2,A,input,1096484416,
CC2R3C5,A,b,DF1F4,A,input,1096484416,
CC2R3C6,A,b,DF1A4,A,input,1096484416,
CC2R3C7,A,b,DF1B2,A,input,1096484416,
CC2R3C8,A,b,DF1D2,A,input,1096484416,
CC2R4C1,A,b,DF2A1,A,input,1096484416,
CC2R4C2,A,b,DF2D1,A,input,1096484416,
CC2R4C3,A,b,DF2D3,A,input,1096484416,
CC2R4C4,A,b,DF1F1,A,input,1096484416,
CC2R4C5,A,b,DF1F3,A,input,1096484416,
CC2R4C6,A,b,DF1A3,A,input,1096484416,
CC2R4C7,A,b,DF1B1,A,input,1096484416,
CC2R4C8,A,b,DF1D1,A,input,1096484416,
CC2R5C1,A,b,DF2B2,A,input,1096484416,
CC2R5C2,A,b,DF2C2,A,input,1096484416,
CC2R5C3,A,b,DF2C4,A,input,1096484416,
CC2R5C4,A,b,DF1H2,A,input,1096484416,
CC2R5C5,A,b,DF1G2,A,input,1096484416,
CC2R5C6,A,b,DF1A2,A,input,1096484416,
CC2R5C7,A,b,DF1C2,A,input,1096484416,
CC2R6C1,A,b,DF2B1,A,input,1096484416,
CC2R6C2,A,b,DF2C1,A,input,1096484416,
CC2R6C3,A,b,DF2C3,A,input,1096484416,
CC2R6C4,A,b,DF1H1,A,input,1096484416,
CC2R6C5,A,b,DF1G1,A,input,1096484416,
CC2R6C6,A,b,DF1A1,A,input,1096484416,
CC2R6C7,A,b,DF1C1,A,input,1096484416,
CC3R1C1,A,b,DF6G2,A,input,1096484416,
CC3R1C2,A,b,DF6G4,A,input,1096484416,
CC3R1C3,A,b,DF6H4,A,input,1096484416,
CC3R1C4,A,b,DF6B4,A,input,1096484416,
CC3R1C5,A,b,DF6C4,A,input,1096484416,
CC3R1C6,A,b,DF5E4,A,input,1096484416,
CC3R1C7,A,b,DF5F4,A,input,1096484416,
CC3R1C8,A,b,DF5H4,A,input,1096484416,
CC3R2C1,A,b,DF6G1,A,input,1096484416,
CC3R2C2,A,b,DF6G3,A,input,1096484416,
CC3R2C3,A,b,DF6H3,A,input,1096484416,
CC3R2C4,A,b,DF6B3,A,input,1096484416,
CC3R2C5,A,b,DF6C3,A,input,1096484416,
CC3R2C6,A,b,DF5E3,A,input,1096484416,
CC3R2C7,A,b,DF5F3,A,input,1096484416,
CC3R2C8,A,b,DF5H3,A,input,1096484416,
CC3R3C1,A,b,DF6F2,A,input,1096484416,
CC3R3C2,A,b,DF6F4,A,input,1096484416,
CC3R3C3,A,b,DF6H2,A,input,1096484416,
CC3R3C4,A,b,DF6A4,A,input,1096484416,
CC3R3C5,A,b,DF6C2,A,input,1096484416,
CC3R3C6,A,b,DF6D4,A,input,1096484416,
CC3R3C7,A,b,DF5F2,A,input,1096484416,
CC3R3C8,A,b,DF5G4,A,input,1096484416,
CC3R4C1,A,b,DF6F1,A,input,1096484416,
CC3R4C2,A,b,DF6F3,A,input,1096484416,
CC3R4C3,A,b,DF6H1,A,input,1096484416,
CC3R4C4,A,b,DF6A3,A,input,1096484416,
CC3R4C5,A,b,DF6C1,A,input,1096484416,
CC3R4C6,A,b,DF6D3,A,input,1096484416,
CC3R4C7,A,b,DF5F1,A,input,1096484416,
CC3R4C8,A,b,DF5G3,A,input,1096484416,
CC3R5C1,A,b,DF6E2,A,input,1096484416,
CC3R5C2,A,b,DF6E4,A,input,1096484416,
CC3R5C3,A,b,DF6B2,A,input,1096484416,
CC3R5C4,A,b,DF6A2,A,input,1096484416,
CC3R5C5,A,b,DF5E2,A,input,1096484416,
CC3R5C6,A,b,DF6D2,A,input,1096484416,
CC3R5C7,A,b,DF5H2,A,input,1096484416,
CC3R5C8,A,b,DF5G2,A,input,1096484416,
CC3R6C1,A,b,DF6E1,A,input,1096484416,
CC3R6C2,A,b,DF6E3,A,input,1096484416,
CC3R6C3,A,b,DF6B1,A,input,1096484416,
CC3R6C4,A,b,DF6A1,A,input,1096484416,
CC3R6C5,A,b,DF5E1,A,input,1096484416,
CC3R6C6,A,b,DF6D1,A,input,1096484416,
CC3R6C7,A,b,DF5H1,A,input,1096484416,
CC3R6C8,A,b,DF5G1,A,input,1096484416,
CC4R1C1,A,b,DF5B2,A,input,1096484416,
CC4R1C2,A,b,DF5C4,A,input,1096484416,
CC4R1C3,A,b,DF5D4,A,input,1096484416,
CC4R1C4,A,b,DF4F4,A,input,1096484416,
CC4R1C5,A,b,DF4G4,A,input,1096484416,
CC4R1C6,A,b,DF4A4,A,input,1096484416,
CC4R1C7,A,b,DF4B4,A,input,1096484416,
CC4R1C8,A,b,DF4D4,A,input,1096484416,
CC4R2C1,A,b,DF5B1,A,input,1096484416,
CC4R2C2,A,b,DF5C3,A,input,1096484416,
CC4R2C3,A,b,DF5D3,A,input,1096484416,
CC4R2C4,A,b,DF4F3,A,input,1096484416,
CC4R2C5,A,b,DF4G3,A,input,1096484416,
CC4R2C6,A,b,DF4A3,A,input,1096484416,
CC4R2C7,A,b,DF4B3,A,input,1096484416,
CC4R2C8,A,b,DF4D3,A,input,1096484416,
CC4R3C1,A,b,DF5A4,A,input,1096484416,
CC4R3C2,A,b,DF5C2,A,input,1096484416,
CC4R3C3,A,b,DF5D2,A,input,1096484416,
CC4R3C4,A,b,DF4E4,A,input,1096484416,
CC4R3C5,A,b,DF4G2,A,input,1096484416,
CC4R3C6,A,b,DF4H4,A,input,1096484416,
CC4R3C7,A,b,DF4B2,A,input,1096484416,
CC4R3C8,A,b,DF4C4,A,input,1096484416,
CC4R4C1,A,b,DF5A3,A,input,1096484416,
CC4R4C2,A,b,DF5C1,A,input,1096484416,
CC4R4C3,A,b,DF5D1,A,input,1096484416,
CC4R4C4,A,b,DF4E3,A,input,1096484416,
CC4R4C5,A,b,DF4G1,A,input,1096484416,
CC4R4C6,A,b,DF4H3,A,input,1096484416,
CC4R4C7,A,b,DF4B1,A,input,1096484416,
CC4R4C8,A,b,DF4C3,A,input,1096484416,
CC4R5C1,A,b,DF5A2,A,input,1096484416,
CC4R5C2,A,b,DF5B4,A,input,1096484416,
CC4R5C3,A,b,DF4F2,A,input,1096484416,
CC4R5C4,A,b,DF4E2,A,input,1096484416,
CC4R5C5,A,b,DF4A2,A,input,1096484416,
CC4R5C6,A,b,DF4H2,A,input,1096484416,
CC4R5C7,A,b,DF4D2,A,input,1096484416,
CC4R5C8,A,b,DF4C2,A,input,1096484416,
CC4R6C1,A,b,DF5A1,A,input,1096484416,
CC4R6C2,A,b,DF5B3,A,input,1096484416,
CC4R6C3,A,b,DF4F1,A,input,1096484416,
CC4R6C4,A,b,DF4E1,A,input,1096484416,
CC4R6C5,A,b,DF4A1,A,input,1096484416,
CC4R6C6,A,b,DF4H1,A,input,1096484416,
CC4R6C7,A,b,DF4D1,A,input,1096484416,
CC4R6C8,A,b,DF4C1,A,input,1096484416,
CC5R1C1,A,b,DF8E4,A,input,1096484416,
CC5R1C2,A,b,DF8F4,A,input,1096484416,
CC5R1C3,A,b,DF8H4,A,input,1096484416,
CC5R1C4,A,b,DF8B4,A,input,1096484416,
CC5R1C5,A,b,DF8C4,A,input,1096484416,
CC5R1C6,A,b,DF7E4,A,input,1096484416,
CC5R1C7,A,b,DF7F4,A,input,1096484416,
CC5R1C8,A,b,DF7H4,A,input,1096484416,
CC5R2C1,A,b,DF8E3,A,input,1096484416,
CC5R2C2,A,b,DF8F3,A,input,1096484416,
CC5R2C3,A,b,DF8H3,A,input,1096484416,
CC5R2C4,A,b,DF8B3,A,input,1096484416,
CC5R2C5,A,b,DF8C3,A,input,1096484416,
CC5R2C6,A,b,DF7E3,A,input,1096484416,
CC5R2C7,A,b,DF7F3,A,input,1096484416,
CC5R2C8,A,b,DF7H3,A,input,1096484416,
CC5R3C1,A,b,DF8E2,A,input,1096484416,
CC5R3C2,A,b,DF8H2,A,input,1096484416,
CC5R3C3,A,b,DF8G4,A,input,1096484416,
CC5R3C4,A,b,DF8A4,A,input,1096484416,
CC5R3C5,A,b,DF7E2,A,input,1096484416,
CC5R3C6,A,b,DF8D4,A,input,1096484416,
CC5R3C7,A,b,DF7F2,A,input,1096484416,
CC5R3C8,A,b,DF7G4,A,input,1096484416,
CC5R4C1,A,b,DF8E1,A,input,1096484416,
CC5R4C2,A,b,DF8H1,A,input,1096484416,
CC5R4C3,A,b,DF8G3,A,input,1096484416,
CC5R4C4,A,b,DF8A3,A,input,1096484416,
CC5R4C5,A,b,DF7E1,A,input,1096484416,
CC5R4C6,A,b,DF8D3,A,input,1096484416,
CC5R4C7,A,b,DF7F1,A,input,1096484416,
CC5R4C8,A,b,DF7G3,A,input,1096484416,
CC5R5C1,A,b,DF8F2,A,input,1096484416,
CC5R5C2,A,b,DF8G2,A,input,1096484416,
CC5R5C3,A,b,DF8B2,A,input,1096484416,
CC5R5C4,A,b,DF8A2,A,input,1096484416,
CC5R5C5,A,b,DF8C2,A,input,1096484416,
CC5R5C6,A,b,DF8D2,A,input,1096484416,
CC5R5C7,A,b,DF7H2,A,input,1096484416,
CC5R5C8,A,b,DF7G2,A,input,1096484416,
CC5R6C1,A,b,DF8F1,A,input,1096484416,
CC5R6C2,A,b,DF8G1,A,input,1096484416,
CC5R6C3,A,b,DF8B1,A,input,1096484416,
CC5R6C4,A,b,DF8A1,A,input,1096484416,
CC5R6C5,A,b,DF8C1,A,input,1096484416,
CC5R6C6,A,b,DF8D1,A,input,1096484416,
CC5R6C7,A,b,DF7H1,A,input,1096484416,
CC5R6C8,A,b,DF7G1,A,input,1096484416,
CC6R1C1,A,b,DF7A2,A,input,1096484416,
CC6R1C2,A,b,DF7A4,A,input,1096484416,
CC6R1C3,A,b,DF7B2,A,input,1096484416,
CC6R1C4,A,b,DF7B4,A,input,1096484416,
CC6R1C5,A,b,DF7C2,A,input,1096484416,
CC6R1C6,A,b,DF7C4,A,input,1096484416,
CC6R1C7,A,b,DF7D2,A,input,1096484416,
CC6R1C8,A,b,DF7D4,A,input,1096484416,
CC6R2C1,A,b,DF7A1,A,input,1096484416,
CC6R2C2,A,b,DF7A3,A,input,1096484416,
CC6R2C3,A,b,DF7B1,A,input,1096484416,
CC6R2C4,A,b,DF7B3,A,input,1096484416,
CC6R2C5,A,b,DF7C1,A,input,1096484416,
CC6R2C6,A,b,DF7C3,A,input,1096484416,
CC6R2C7,A,b,DF7D1,A,input,1096484416,
CC6R2C8,A,b,DF7D3,A,input,1096484416,
CR1A1E,A,b,CC1R1C1,A,a,1096484416,
CR1A1N,A,b,CC1R2C1,A,a,1096484416,
CR1A2E,A,b,CC1R1C2,A,a,1096484416,
CR1A2N,A,b,CC1R2C2,A,a,1096484416,
CR1A3E,A,b,CC1R1C3,A,a,1096484416,
CR1A3N,A,b,CC1R2C3,A,a,1096484416,
CR1A4E,A,b,CC1R1C4,A,a,1096484416,
CR1A4N,A,b,CC1R2C4,A,a,1096484416,
CR1A5E,A,b,CC1R1C5,A,a,1096484416,
CR1A5N,A,b,CC1R2C5,A,a,1096484416,
CR1A6E,A,b,CC1R1C6,A,a,1096484416,
CR1A6N,A,b,CC1R2C6,A,a,1096484416,
CR1A7E,A,b,CC1R1C7,A,a,1096484416,
CR1A7N,A,b,CC1R2C7,A,a,1096484416,
CR1A8E,A,b,CC1R1C8,A,a,1096484416,
CR1A8N,A,b,CC1R2C8,A,a,1096484416,
CR1B1E,A,b,CC1R3C1,A,a,1096484416,
CR1B1N,A,b,CC1R4C1,A,a,1096484416,
CR1B2E,A,b,CC1R3C2,A,a,1096484416,
CR1B2N,A,b,CC1R4C2,A,a,1096484416,
CR1B3E,A,b,CC1R3C3,A,a,1096484416,
CR1B3N,A,b,CC1R4C3,A,a,1096484416,
CR1B4E,A,b,CC1R3C4,A,a,1096484416,
CR1B4N,A,b,CC1R4C4,A,a,1096484416,
CR1B5E,A,b,CC1R3C5,A,a,1096484416,
CR1B5N,A,b,CC1R4C5,A,a,1096484416,
CR1B6E,A,b,CC1R3C6,A,a,1096484416,
CR1B6N,A,b,CC1R4C6,A,a,1096484416,
CR1B7E,A,b,CC1R3C7,A,a,1096484416,
CR1B7N,A,b,CC1R4C7,A,a,1096484416,
CR1B8E,A,b,CC1R3C8,A,a,1096484416,
CR1B8N,A,b,CC1R4C8,A,a,1096484416,
CR2A1E,A,b,CC1R5C1,A,a,1096484416,
CR2A1N,A,b,CC1R6C1,A,a,1096484416,
CR2A2E,A,b,CC1R5C2,A,a,1096484416,
CR2A2N,A,b,CC1R6C2,A,a,1096484416,
CR2A3E,A,b,CC1R5C3,A,a,1096484416,
CR2A3N,A,b,CC1R6C3,A,a,1096484416,
CR2A4E,A,b,CC1R5C4,A,a,1096484416,
CR2A4N,A,b,CC1R6C4,A,a,1096484416,
CR2A5E,A,b,CC1R5C5,A,a,1096484416,
CR2A5N,A,b,CC1R6C5,A,a,1096484416,
CR2A6E,A,b,CC1R5C6,A,a,1096484416,
CR2A6N,A,b,CC1R6C6,A,a,1096484416,
CR2A7E,A,b,CC1R5C7,A,a,1096484416,
CR2A7N,A,b,CC1R6C7,A,a,1096484416,
CR2A8E,A,b,CC1R5C8,A,a,1096484416,
CR2A8N,A,b,CC1R6C8,A,a,1096484416,
CR2B1E,A,b,CC2R1C1,A,a,1096484416,
CR2B1N,A,b,CC2R2C1,A,a,1096484416,
CR2B2E,A,b,CC2R1C2,A,a,1096484416,
CR2B2N,A,b,CC2R2C2,A,a,1096484416,
CR2B3E,A,b,CC2R1C3,A,a,1096484416,
CR2B3N,A,b,CC2R2C3,A,a,1096484416,
CR2B4E,A,b,CC2R1C4,A,a,1096484416,
CR2B4N,A,b,CC2R2C4,A,a,1096484416,
CR2B5E,A,b,CC2R1C5,A,a,1096484416,
CR2B5N,A,b,CC2R2C5,A,a,1096484416,
CR2B6E,A,b,CC2R1C6,A,a,1096484416,
CR2B6N,A,b,CC2R2C6,A,a,1096484416,
CR2B7E,A,b,CC2R1C7,A,a,1096484416,
CR2B7N,A,b,CC2R2C7,A,a,1096484416,
CR2B8E,A,b,CC2R1C8,A,a,1096484416,
CR2B8N,A,b,CC2R2C8,A,a,1096484416,
CR3A1E,A,b,CC2R3C1,A,a,1096484416,
CR3A1N,A,b,CC2R4C1,A,a,1096484416,
CR3A2E,A,b,CC2R3C2,A,a,1096484416,
CR3A2N,A,b,CC2R4C2,A,a,1096484416,
CR3A3E,A,b,CC2R3C3,A,a,1096484416,
CR3A3N,A,b,CC2R4C3,A,a,1096484416,
CR3A4E,A,b,CC2R3C4,A,a,1096484416,
CR3A4N,A,b,CC2R4C4,A,a,1096484416,
CR3A5E,A,b,CC2R3C5,A,a,1096484416,
CR3A5N,A,b,CC2R4C5,A,a,1096484416,
CR3A6E,A,b,CC2R3C6,A,a,1096484416,
CR3A6N,A,b,CC2R4C6,A,a,1096484416,
CR3A7E,A,b,CC2R3C7,A,a,1096484416,
CR3A7N,A,b,CC2R4C7,A,a,1096484416,
CR3A8E,A,b,CC2R3C8,A,a,1096484416,
CR3A8N,A,b,CC2R4C8,A,a,1096484416,
CR3B1E,A,b,CC2R5C1,A,a,1096484416,
CR3B1N,A,b,CC2R6C1,A,a,1096484416,
CR3B2E,A,b,CC2R5C2,A,a,1096484416,
CR3B2N,A,b,CC2R6C2,A,a,1096484416,
CR3B3E,A,b,CC2R5C3,A,a,1096484416,
CR3B3N,A,b,CC2R6C3,A,a,1096484416,
CR3B4E,A,b,CC2R5C4,A,a,1096484416,
CR3B4N,A,b,CC2R6C4,A,a,1096484416,
CR3B5E,A,b,CC2R5C5,A,a,1096484416,
CR3B5N,A,b,CC2R6C5,A,a,1096484416,
CR3B6E,A,b,CC2R5C6,A,a,1096484416,
CR3B6N,A,b,CC2R6C6,A,a,1096484416,
CR3B7E,A,b,CC2R5C7,A,a,1096484416,
CR3B7N,A,b,CC2R6C7,A,a,1096484416,
CR4A1E,A,b,CC3R1C1,A,a,1096484416,
CR4A1N,A,b,CC3R2C1,A,a,1096484416,
CR4A2E,A,b,CC3R1C2,A,a,1096484416,
CR4A2N,A,b,CC3R2C2,A,a,1096484416,
CR4A3E,A,b,CC3R1C3,A,a,1096484416,
CR4A3N,A,b,CC3R2C3,A,a,1096484416,
CR4A4E,A,b,CC3R1C4,A,a,1096484416,
CR4A4N,A,b,CC3R2C4,A,a,1096484416,
CR4A5E,A,b,CC3R1C5,A,a,1096484416,
CR4A5N,A,b,CC3R2C5,A,a,1096484416,
CR4A6E,A,b,CC3R1C6,A,a,1096484416,
CR4A6N,A,b,CC3R2C6,A,a,1096484416,
CR4A7E,A,b,CC3R1C7,A,a,1096484416,
CR4A7N,A,b,CC3R2C7,A,a,1096484416,
CR4A8E,A,b,CC3R1C8,A,a,1096484416,
CR4A8N,A,b,CC3R2C8,A,a,1096484416,
CR4B1E,A,b,CC3R3C1,A,a,1096484416,
CR4B1N,A,b,CC3R4C1,A,a,1096484416,
CR4B2E,A,b,CC3R3C2,A,a,1096484416,
CR4B2N,A,b,CC3R4C2,A,a,1096484416,
CR4B3E,A,b,CC3R3C3,A,a,1096484416,
CR4B3N,A,b,CC3R4C3,A,a,1096484416,
CR4B4E,A,b,CC3R3C4,A,a,1096484416,
CR4B4N,A,b,CC3R4C4,A,a,1096484416,
CR4B5E,A,b,CC3R3C5,A,a,1096484416,
CR4B5N,A,b,CC3R4C5,A,a,1096484416,
CR4B6E,A,b,CC3R3C6,A,a,1096484416,
CR4B6N,A,b,CC3R4C6,A,a,1096484416,
CR4B7E,A,b,CC3R3C7,A,a,1096484416,
CR4B7N,A,b,CC3R4C7,A,a,1096484416,
CR4B8E,A,b,CC3R3C8,A,a,1096484416,
CR4B8N,A,b,CC3R4C8,A,a,1096484416,
CR5A1E,A,b,CC3R5C1,A,a,1096484416,
CR5A1N,A,b,CC3R6C1,A,a,1096484416,
CR5A2E,A,b,CC3R5C2,A,a,1096484416,
CR5A2N,A,b,CC3R6C2,A,a,1096484416,
CR5A3E,A,b,CC3R5C3,A,a,1096484416,
CR5A3N,A,b,CC3R6C3,A,a,1096484416,
CR5A4E,A,b,CC3R5C4,A,a,1096484416,
CR5A4N,A,b,CC3R6C4,A,a,1096484416,
CR5A5E,A,b,CC3R5C5,A,a,1096484416,
CR5A5N,A,b,CC3R6C5,A,a,1096484416,
CR5A6E,A,b,CC3R5C6,A,a,1096484416,
CR5A6N,A,b,CC3R6C6,A,a,1096484416,
CR5A7E,A,b,CC3R5C7,A,a,1096484416,
CR5A7N,A,b,CC3R6C7,A,a,1096484416,
CR5A8E,A,b,CC3R5C8,A,a,1096484416,
CR5A8N,A,b,CC3R6C8,A,a,1096484416,
CR5B1E,A,b,CC4R1C1,A,a,1096484416,
CR5B1N,A,b,CC4R2C1,A,a,1096484416,
CR5B2E,A,b,CC4R1C2,A,a,1096484416,
CR5B2N,A,b,CC4R2C2,A,a,1096484416,
CR5B3E,A,b,CC4R1C3,A,a,1096484416,
CR5B3N,A,b,CC4R2C3,A,a,1096484416,
CR5B4E,A,b,CC4R1C4,A,a,1096484416,
CR5B4N,A,b,CC4R2C4,A,a,1096484416,
CR5B5E,A,b,CC4R1C5,A,a,1096484416,
CR5B5N,A,b,CC4R2C5,A,a,1096484416,
CR5B6E,A,b,CC4R1C6,A,a,1096484416,
CR5B6N,A,b,CC4R2C6,A,a,1096484416,
CR5B7E,A,b,CC4R1C7,A,a,1096484416,
CR5B7N,A,b,CC4R2C7,A,a,1096484416,
CR5B8E,A,b,CC4R1C8,A,a,1096484416,
CR5B8N,A,b,CC4R2C8,A,a,1096484416,
CR6A1E,A,b,CC4R3C1,A,a,1096484416,
CR6A1N,A,b,CC4R4C1,A,a,1096484416,
CR6A2E,A,b,CC4R3C2,A,a,1096484416,
CR6A2N,A,b,CC4R4C2,A,a,1096484416,
CR6A3E,A,b,CC4R3C3,A,a,1096484416,
CR6A3N,A,b,CC4R4C3,A,a,1096484416,
CR6A4E,A,b,CC4R3C4,A,a,1096484416,
CR6A4N,A,b,CC4R4C4,A,a,1096484416,
CR6A5E,A,b,CC4R3C5,A,a,1096484416,
CR6A5N,A,b,CC4R4C5,A,a,1096484416,
CR6A6E,A,b,CC4R3C6,A,a,1096484416,
CR6A6N,A,b,CC4R4C6,A,a,1096484416,
CR6A7E,A,b,CC4R3C7,A,a,1096484416,
CR6A7N,A,b,CC4R4C7,A,a,1096484416,
CR6A8E,A,b,CC4R3C8,A,a,1096484416,
CR6A8N,A,b,CC4R4C8,A,a,1096484416,
CR6B1E,A,b,CC4R5C1,A,a,1096484416,
CR6B1N,A,b,CC4R6C1,A,a,1096484416,
CR6B2E,A,b,CC4R5C2,A,a,1096484416,
CR6B2N,A,b,CC4R6C2,A,a,1096484416,
CR6B3E,A,b,CC4R5C3,A,a,1096484416,
CR6B3N,A,b,CC4R6C3,A,a,1096484416,
CR6B4E,A,b,CC4R5C4,A,a,1096484416,
CR6B4N,A,b,CC4R6C4,A,a,1096484416,
CR6B5E,A,b,CC4R5C5,A,a,1096484416,
CR6B5N,A,b,CC4R6C5,A,a,1096484416,
CR6B6E,A,b,CC4R5C6,A,a,1096484416,
CR6B6N,A,b,CC4R6C6,A,a,1096484416,
CR6B7E,A,b,CC4R5C7,A,a,1096484416,
CR6B7N,A,b,CC4R6C7,A,a,1096484416,
CR6B8E,A,b,CC4R5C8,A,a,1096484416,
CR6B8N,A,b,CC4R6C8,A,a,1096484416,
CR7A1E,A,b,CC5R1C1,A,a,1096484416,
CR7A1N,A,b,CC5R2C1,A,a,1096484416,
CR7A2E,A,b,CC5R1C2,A,a,1096484416,
CR7A2N,A,b,CC5R2C2,A,a,1096484416,
CR7A3E,A,b,CC5R1C3,A,a,1096484416,
CR7A3N,A,b,CC5R2C3,A,a,1096484416,
CR7A4E,A,b,CC5R1C4,A,a,1096484416,
CR7A4N,A,b,CC5R2C4,A,a,1096484416,
CR7A5E,A,b,CC5R1C5,A,a,1096484416,
CR7A5N,A,b,CC5R2C5,A,a,1096484416,
CR7A6E,A,b,CC5R1C6,A,a,1096484416,
CR7A6N,A,b,CC5R2C6,A,a,1096484416,
CR7A7E,A,b,CC5R1C7,A,a,1096484416,
CR7A7N,A,b,CC5R2C7,A,a,1096484416,
CR7A8E,A,b,CC5R1C8,A,a,1096484416,
CR7A8N,A,b,CC5R2C8,A,a,1096484416,
CR7B1E,A,b,CC5R3C1,A,a,1096484416,
CR7B1N,A,b,CC5R4C1,A,a,1096484416,
CR7B2E,A,b,CC5R3C2,A,a,1096484416,
CR7B2N,A,b,CC5R4C2,A,a,1096484416,
CR7B3E,A,b,CC5R3C3,A,a,1096484416,
CR7B3N,A,b,CC5R4C3,A,a,1096484416,
CR7B4E,A,b,CC5R3C4,A,a,1096484416,
CR7B4N,A,b,CC5R4C4,A,a,1096484416,
CR7B5E,A,b,CC5R3C5,A,a,1096484416,
CR7B5N,A,b,CC5R4C5,A,a,1096484416,
CR7B6E,A,b,CC5R3C6,A,a,1096484416,
CR7B6N,A,b,CC5R4C6,A,a,1096484416,
CR7B7E,A,b,CC5R3C7,A,a,1096484416,
CR7B7N,A,b,CC5R4C7,A,a,1096484416,
CR7B8E,A,b,CC5R3C8,A,a,1096484416,
CR7B8N,A,b,CC5R4C8,A,a,1096484416,
CR8A1E,A,b,CC5R5C1,A,a,1096484416,
CR8A1N,A,b,CC5R6C1,A,a,1096484416,
CR8A2E,A,b,CC5R5C2,A,a,1096484416,
CR8A2N,A,b,CC5R6C2,A,a,1096484416,
CR8A3E,A,b,CC5R5C3,A,a,1096484416,
CR8A3N,A,b,CC5R6C3,A,a,1096484416,
CR8A4E,A,b,CC5R5C4,A,a,1096484416,
CR8A4N,A,b,CC5R6C4,A,a,1096484416,
CR8A5E,A,b,CC5R5C5,A,a,1096484416,
CR8A5N,A,b,CC5R6C5,A,a,1096484416,
CR8A6E,A,b,CC5R5C6,A,a,1096484416,
CR8A6N,A,b,CC5R6C6,A,a,1096484416,
CR8A7E,A,b,CC5R5C7,A,a,1096484416,
CR8A7N,A,b,CC5R6C7,A,a,1096484416,
CR8A8E,A,b,CC5R5C8,A,a,1096484416,
CR8A8N,A,b,CC5R6C8,A,a,1096484416,
CR8B1E,A,b,CC6R1C1,A,a,1096484416,
CR8B1N,A,b,CC6R2C1,A,a,1096484416,
CR8B2E,A,b,CC6R1C2,A,a,1096484416,
CR8B2N,A,b,CC6R2C2,A,a,1096484416,
CR8B3E,A,b,CC6R1C3,A,a,1096484416,
CR8B3N,A,b,CC6R2C3,A,a,1096484416,
CR8B4E,A,b,CC6R1C4,A,a,1096484416,
CR8B4N,A,b,CC6R2C4,A,a,1096484416,
CR8B5E,A,b,CC6R1C5,A,a,1096484416,
CR8B5N,A,b,CC6R2C5,A,a,1096484416,
CR8B6E,A,b,CC6R1C6,A,a,1096484416,
CR8B6N,A,b,CC6R2C6,A,a,1096484416,
CR8B7E,A,b,CC6R1C7,A,a,1096484416,
CR8B7N,A,b,CC6R2C7,A,a,1096484416,
CR8B8E,A,b,CC6R1C8,A,a,1096484416,
CR8B8N,A,b,CC6R2C8,A,a,1096484416,
FDA10,A,terminals,FEA10,A,input,1096484416,
FDA104,A,terminals,FEA104,A,input,1096484416,
FDA105,A,terminals,FEA105,A,input,1096484416,
FDA107,B,terminals,FEA107,A,input,1170172818,
FDA108,B,terminals,FEA108,A,input,1172539336,
FDA11,B,terminals,FEA11,A,input,1170172818,
FDA112,A,terminals,FEA112,A,input,1096484416,
FDA127,B,terminals,FEA127,A,input,1170172818,
FDA16,B,terminals,FEA16,A,input,1170172818,
FDA18,B,terminals,FEA18,A,input,1170172818,
FDA19,B,terminals,FEA19,A,input,1177641109,
FDA20,A,terminals,FEA20,A,input,1096484416,
FDA22,A,terminals,FEA22,A,input,1096484416,
FDA29,B,terminals,FEA29,A,input,1172539108,
FDA31,A,terminals,FEA31,A,input,1096484416,
FDA33,B,terminals,FEA33,A,input,1170144018,
FDA35,B,terminals,FEA35,A,input,1170172818,
FDA43,A,terminals,FEA43,A,input,1096484416,
FDA48,B,terminals,FEA48,A,input,1172539272,
FDA53,A,terminals,FEA53,A,input,1096484416,
FDA6,B,terminals,FEA6,A,input,1170172818,
FDA64,A,terminals,FEA64,A,input,1096484416,
FDA65,A,terminals,FEA65,A,input,1096484416,
FDA72,A,terminals,FEA72,A,input,1096484416,
FDA75,B,terminals,FEA75,A,input,1173298416,
FDA8,B,terminals,FEA8,A,input,1173298496,
FDA80,A,terminals,FEA80,A,input,1096484416,
FDA81,A,terminals,FEA81,A,input,1096484416,
FDA88,A,terminals,FEA88,A,input,1096484416,
FDA89,A,terminals,FEA89,A,input,1096484416,
FDA9,A,terminals,FEA9,A,input,1096484416,
FDA91,B,terminals,FEA91,A,input,1173298457,
FDA92,B,terminals,FEA92,A,input,1172694263,
FDA96,A,terminals,FEA96,A,input,1096484416,
FDA97,A,terminals,FEA97,A,input,1096484416,
FDP0,A,terminals,FEA0,A,input,1096484416,
FDP1,A,terminals,FEA1,A,input,1096484416,
FDP100,A,terminals,FEA100,A,input,1096484416,
FDP101,A,terminals,FEA101,A,input,1096484416,
FDP102,A,terminals,FEA102,A,input,1096484416,
FDP103,A,terminals,FEA103,A,input,1096484416,
FDP106,A,terminals,FEA106,A,input,1096484416,
FDP107,A,terminals,FEA107,A,input,1096484416,1170172818.0
FDP108,A,terminals,FEA108,A,input,1096484416,1172539335.0
FDP109,A,terminals,FEA109,A,input,1096484416,
FDP11,A,terminals,FEA11,A,input,1096484416,1170172818.0
FDP110,A,terminals,FEA110,A,input,1096484416,
FDP111,A,terminals,FEA111,A,input,1096484416,
FDP113,A,terminals,FEA113,A,input,1096484416,
FDP114,A,terminals,FEA114,A,input,1096484416,
FDP115,A,terminals,FEA115,A,input,1096484416,
FDP116,A,terminals,FEA116,A,input,1096484416,
FDP117,A,terminals,FEA117,A,input,1096484416,
FDP118,A,terminals,FEA118,A,input,1096484416,
FDP119,A,terminals,FEA119,A,input,1096484416,
FDP12,A,terminals,FEA12,A,input,1096484416,
FDP120,A,terminals,FEA120,A,input,1096484416,
FDP121,A,terminals,FEA121,A,input,1096484416,
FDP122,A,terminals,FEA122,A,input,1096484416,
FDP123,A,terminals,FEA123,A,input,1096484416,
FDP124,A,terminals,FEA124,A,input,1096484416,
FDP125,A,terminals,FEA125,A,input,1096484416,
FDP126,A,terminals,FEA126,A,input,1096484416,
FDP127,A,terminals,FEA127,A,input,1096484416,1170172818.0
FDP13,A,terminals,FEA13,A,input,1096484416,
FDP14,A,terminals,FEA14,A,input,1096484416,
FDP15,A,terminals,FEA15,A,input,1096484416,
FDP16,A,terminals,FEA16,A,input,1096484416,1170172818.0
FDP17,A,terminals,FEA17,A,input,1096484416,
FDP18,A,terminals,FEA18,A,input,1096484416,1170172818.0
FDP19,A,terminals,FEA19,A,input,1096484416,1177641109.0
FDP2,A,terminals,FEA2,A,input,1096484416,
FDP21,A,terminals,FEA21,A,input,1096484416,
FDP23,A,terminals,FEA23,A,input,1096484416,
FDP24,A,terminals,FEA24,A,input,1096484416,
FDP25,A,terminals,FEA25,A,input,1096484416,
FDP26,A,terminals,FEA26,A,input,1096484416,
FDP27,A,terminals,FEA27,A,input,1096484416,
FDP28,A,terminals,FEA28,A,input,1096484416,
FDP29,A,terminals,FEA29,A,input,1096484416,1172539108.0
FDP3,A,terminals,FEA3,A,input,1096484416,
FDP30,A,terminals,FEA30,A,input,1096484416,
FDP32,A,terminals,FEA32,A,input,1096484416,
FDP33,A,terminals,FEA33,A,input,1096484416,1170172818.0
FDP34,A,terminals,FEA34,A,input,1096484416,
FDP35,A,terminals,FEA35,A,input,1096484416,1170172818.0
FDP36,A,terminals,FEA36,A,input,1096484416,
FDP37,A,terminals,FEA37,A,input,1096484416,
FDP38,A,terminals,FEA38,A,input,1096484416,
FDP39,A,terminals,FEA39,A,input,1096484416,
FDP4,A,terminals,FEA4,A,input,1096484416,
FDP40,A,terminals,FEA40,A,input,1096484416,
FDP41,A,terminals,FEA41,A,input,1096484416,
FDP42,A,terminals,FEA42,A,input,1096484416,
FDP44,A,terminals,FEA44,A,input,1096484416,
FDP45,A,terminals,FEA45,A,input,1096484416,
FDP46,A,terminals,FEA46,A,input,1096484416,
FDP47,A,terminals,FEA47,A,input,1096484416,
FDP48,A,terminals,FEA48,A,input,1096484416,1172539271.0
FDP49,A,terminals,FEA49,A,input,1096484416,
FDP5,A,terminals,FEA5,A,input,1096484416,
FDP50,A,terminals,FEA50,A,input,1096484416,
FDP51,A,terminals,FEA51,A,input,1096484416,
FDP52,A,terminals,FEA52,A,input,1096484416,
FDP54,A,terminals,FEA54,A,input,1096484416,
FDP55,A,terminals,FEA55,A,input,1096484416,
FDP56,A,terminals,FEA56,A,input,1096484416,
FDP57,A,terminals,FEA57,A,input,1096484416,
FDP58,A,terminals,FEA58,A,input,1096484416,
FDP59,A,terminals,FEA59,A,input,1096484416,
FDP6,A,terminals,FEA6,A,input,1096484416,1170172818.0
FDP60,A,terminals,FEA60,A,input,1096484416,
FDP61,A,terminals,FEA61,A,input,1096484416,
FDP62,A,terminals,FEA62,A,input,1096484416,
FDP63,A,terminals,FEA63,A,input,1096484416,
FDP66,A,terminals,FEA66,A,input,1096484416,
FDP67,A,terminals,FEA67,A,input,1096484416,
FDP68,A,terminals,FEA68,A,input,1096484416,
FDP69,A,terminals,FEA69,A,input,1096484416,
FDP7,A,terminals,FEA7,A,input,1096484416,
FDP70,A,terminals,FEA70,A,input,1096484416,
FDP71,A,terminals,FEA71,A,input,1096484416,
FDP73,A,terminals,FEA73,A,input,1096484416,
FDP74,A,terminals,FEA74,A,input,1096484416,
FDP75,A,terminals,FEA75,A,input,1096484416,1173298416.0
FDP76,A,terminals,FEA76,A,input,1096484416,
FDP77,A,terminals,FEA77,A,input,1096484416,
FDP78,A,terminals,FEA78,A,input,1096484416,
FDP79,A,terminals,FEA79,A,input,1096484416,
FDP8,A,terminals,FEA8,A,input,1096484416,1173298495.0
FDP82,A,terminals,FEA82,A,input,1096484416,
FDP83,A,terminals,FEA83,A,input,1096484416,
FDP84,A,terminals,FEA84,A,input,1096484416,
FDP85,A,terminals,FEA85,A,input,1096484416,
FDP86,A,terminals,FEA86,A,input,1096484416,
FDP87,A,terminals,FEA87,A,input,1096484416,
FDP90,A,terminals,FEA90,A,input,1096484416,
FDP91,A,terminals,FEA91,A,input,1096484416,1173298456.0
FDP92,A,terminals,FEA92,A,input,1096484416,1172694262.0
FDP93,A,terminals,FEA93,A,input,1096484416,
FDP94,A,terminals,FEA94,A,input,1096484416,
FDP95,A,terminals,FEA95,A,input,1096484416,
FDP98,A,terminals,FEA98,A,input,1096484416,
FDP99,A,terminals,FEA99,A,input,1096484416,
FEA0,A,e,C7F0,A,ea,1096484416,
FEA0,A,n,C7F0,A,na,1096484416,
FEA1,A,e,C7F1,A,ea,1096484416,
FEA1,A,n,C7F1,A,na,1096484416,
FEA10,A,e,C7F10,A,ea,1096484416,
FEA10,A,n,C7F10,A,na,1096484416,
FEA100,A,e,C7F100,A,ea,1096484416,
FEA100,A,n,C7F100,A,na,1096484416,
FEA101,A,e,C7F101,A,ea,1096484416,
FEA101,A,n,C7F101,A,na,1096484416,
FEA102,A,e,C7F102,A,ea,1096484416,
FEA102,A,n,C7F102,A,na,1096484416,
FEA103,A,e,C7F103,A,ea,1096484416,
FEA103,A,n,C7F103,A,na,1096484416,
FEA104,A,e,C7F104,A,ea,1096484416,
FEA104,A,n,C7F104,A,na,1096484416,
FEA105,A,e,C7F105,A,ea,1096484416,
FEA105,A,n,C7F105,A,na,1096484416,
FEA106,A,e,C7F106,A,ea,1096484416,
FEA106,A,n,C7F106,A,na,1096484416,
FEA107,A,e,C7F107,A,ea,1096484416,
FEA107,A,n,C7F107,A,na,1096484416,
FEA108,A,e,C7F108,A,ea,1096484416,
FEA108,A,n,C7F108,A,na,1096484416,
FEA109,A,e,C7F109,A,ea,1096484416,
FEA109,A,n,C7F109,A,na,1096484416,
FEA11,A,e,C7F11,A,ea,1096484416,
FEA11,A,n,C7F11,A,na,1096484416,
FEA110,A,e,C7F110,A,ea,1096484416,
FEA110,A,n,C7F110,A,na,1096484416,
FEA111,A,e,C7F111,A,ea,1096484416,
FEA111,A,n,C7F111,A,na,1096484416,
FEA112,A,e,C7F112,A,ea,1096484416,
FEA112,A,n,C7F112,A,na,1096484416,
FEA114,A,e,C7F114,A,ea,1096484416,
FEA114,A,n,C7F114,A,na,1096484416,
FEA115,A,e,C7F115,A,ea,1096484416,
FEA115,A,n,C7F115,A,na,1096484416,
FEA116,A,e,C7F116,A,ea,1096484416,
FEA116,A,n,C7F116,A,na,1096484416,
FEA117,A,e,C7F117,A,ea,1096484416,
FEA117,A,n,C7F117,A,na,1096484416,
FEA118,A,e,C7F118,A,ea,1096484416,
FEA118,A,n,C7F118,A,na,1096484416,
FEA119,A,e,C7F119,A,ea,1096484416,
FEA119,A,n,C7F119,A,na,1096484416,
FEA12,A,e,C7F12,A,ea,1096484416,
FEA12,A,n,C7F12,A,na,1096484416,
FEA120,A,e,C7F120,A,ea,1096484416,
FEA120,A,n,C7F120,A,na,1096484416,
FEA121,A,e,C7F121,A,ea,1096484416,
FEA121,A,n,C7F121,A,na,1096484416,
FEA122,A,e,C7F122,A,ea,1096484416,
FEA122,A,n,C7F122,A,na,1096484416,
FEA123,A,e,C7F123,A,ea,1096484416,
FEA123,A,n,C7F123,A,na,1096484416,
FEA124,A,e,C7F124,A,ea,1096484416,
FEA124,A,n,C7F124,A,na,1096484416,
FEA125,A,e,C7F125,A,ea,1096484416,
FEA125,A,n,C7F125,A,na,1096484416,
FEA126,A,e,C7F126,A,ea,1096484416,
FEA126,A,n,C7F126,A,na,1096484416,
FEA127,A,e,C7F127,A,ea,1096484416,
FEA127,A,n,C7F127,A,na,1096484416,
FEA13,A,e,C7F13,A,ea,1096484416,
FEA13,A,n,C7F13,A,na,1096484416,
FEA14,A,e,C7F14,A,ea,1096484416,
FEA14,A,n,C7F14,A,na,1096484416,
FEA15,A,e,C7F15,A,ea,1096484416,
FEA15,A,n,C7F15,A,na,1096484416,
FEA16,A,e,C7F16,A,ea,1096484416,
FEA16,A,n,C7F16,A,na,1096484416,
FEA17,A,e,C7F17,A,ea,1096484416,
FEA17,A,n,C7F17,A,na,1096484416,
FEA18,A,e,C7F18,A,ea,1096484416,
FEA18,A,n,C7F18,A,na,1096484416,
FEA19,A,e,C7F19,A,ea,1096484416,
FEA19,A,n,C7F19,A,na,1096484416,
FEA2,A,e,C7F2,A,ea,1096484416,
FEA2,A,n,C7F2,A,na,1096484416,
FEA20,A,e,C7F20,A,ea,1096484416,
FEA20,A,n,C7F20,A,na,1096484416,
FEA21,A,e,C7F21,A,ea,1096484416,
FEA21,A,n,C7F21,A,na,1096484416,
FEA22,A,e,C7F22,A,ea,1096484416,
FEA22,A,n,C7F22,A,na,1096484416,
FEA23,A,e,C7F23,A,ea,1096484416,
FEA23,A,n,C7F23,A,na,1096484416,
FEA24,A,e,C7F24,A,ea,1096484416,
FEA24,A,n,C7F24,A,na,1096484416,
FEA25,A,e,C7F25,A,ea,1096484416,
FEA25,A,n,C7F25,A,na,1096484416,
FEA26,A,e,C7F26,A,ea,1096484416,
FEA26,A,n,C7F26,A,na,1096484416,
FEA27,A,e,C7F27,A,ea,1096484416,
FEA27,A,n,C7F27,A,na,1096484416,
FEA28,A,e,C7F28,A,ea,1096484416,
FEA28,A,n,C7F28,A,na,1096484416,
FEA29,A,e,C7F29,A,ea,1096484416,
FEA29,A,n,C7F29,A,na,1096484416,
FEA3,A,e,C7F3,A,ea,1096484416,
FEA3,A,n,C7F3,A,na,1096484416,
FEA30,A,e,C7F30,A,ea,1096484416,
FEA30,A,n,C7F30,A,na,1096484416,
FEA31,A,e,C7F31,A,ea,1096484416,
FEA31,A,n,C7F31,A,na,1096484416,
FEA32,A,e,C7F32,A,ea,1096484416,
FEA32,A,n,C7F32,A,na,1096484416,
FEA33,A,e,C7F33,A,ea,1096484416,
FEA33,A,n,C7F33,A,na,1096484416,
FEA34,A,e,C7F34,A,ea,1096484416,
FEA34,A,n,C7F34,A,na,1096484416,
FEA35,A,e,C7F35,A,ea,1096484416,
FEA35,A,n,C7F35,A,na,1096484416,
FEA36,A,e,C7F36,A,ea,1096484416,
FEA36,A,n,C7F36,A,na,1096484416,
FEA37,A,e,C7F37,A,ea,1096484416,
FEA37,A,n,C7F37,A,na,1096484416,
FEA38,A,e,C7F38,A,ea,1096484416,
FEA38,A,n,C7F38,A,na,1096484416,
FEA39,A,e,C7F39,A,ea,1096484416,
FEA39,A,n,C7F39,A,na,1096484416,
FEA4,A,e,C7F4,A,ea,1096484416,
FEA4,A,n,C7F4,A,na,1096484416,
FEA40,A,e,C7F40,A,ea,1096484416,
FEA40,A,n,C7F40,A,na,1096484416,
FEA41,A,e,C7F41,A,ea,1096484416,
FEA41,A,n,C7F41,A,na,1096484416,
FEA42,A,e,C7F42,A,ea,1096484416,
FEA42,A,n,C7F42,A,na,1096484416,
FEA43,A,e,C7F43,A,ea,1096484416,
FEA43,A,n,C7F43,A,na,1096484416,
FEA44,A,e,C7F44,A,ea,1096484416,
FEA44,A,n,C7F44,A,na,1096484416,
FEA45,A,e,C7F45,A,ea,1096484416,
FEA45,A,n,C7F45,A,na,1096484416,
FEA46,A,e,C7F46,A,ea,1096484416,
FEA46,A,n,C7F46,A,na,1096484416,
FEA47,A,e,C7F47,A,ea,1096484416,
FEA47,A,n,C7F47,A,na,1096484416,
FEA48,A,e,C7F48,A,ea,1096484416,
FEA48,A,n,C7F48,A,na,1096484416,
FEA49,A,e,C7F49,A,ea,1096484416,
FEA49,A,n,C7F49,A,na,1096484416,
FEA5,A,e,C7F5,A,ea,1096484416,
FEA5,A,n,C7F5,A,na,1096484416,
FEA50,A,e,C7F50,A,ea,1096484416,
FEA50,A,n,C7F50,A,na,1096484416,
FEA51,A,e,C7F51,A,ea,1096484416,
FEA51,A,n,C7F51,A,na,1096484416,
FEA52,A,e,C7F52,A,ea,1096484416,
FEA52,A,n,C7F52,A,na,1096484416,
FEA53,A,e,C7F53,A,ea,1096484416,
FEA53,A,n,C7F53,A,na,1096484416,
FEA54,A,e,C7F54,A,ea,1096484416,
FEA54,A,n,C7F54,A,na,1096484416,
FEA55,A,e,C7F55,A,ea,1096484416,
FEA55,A,n,C7F55,A,na,1096484416,
FEA56,A,e,C7F56,A,ea,1096484416,
FEA56,A,n,C7F56,A,na,1096484416,
FEA57,A,e,C7F57,A,ea,1096484416,
FEA57,A,n,C7F57,A,na,1096484416,
FEA58,A,e,C7F58,A,ea,1096484416,
FEA58,A,n,C7F58,A,na,1096484416,
FEA59,A,e,C7F59,A,ea,1096484416,
FEA59,A,n,C7F59,A,na,1096484416,
FEA6,A,e,C7F6,A,ea,1096484416,
FEA6,A,n,C7F6,A,na,1096484416,
FEA60,A,e,C7F60,A,ea,1096484416,
FEA60,A,n,C7F60,A,na,1096484416,
FEA61,A,e,C7F61,A,ea,1096484416,
FEA61,A,n,C7F61,A,na,1096484416,
FEA62,A,e,C7F62,A,ea,1096484416,
FEA62,A,n,C7F62,A,na,1096484416,
FEA63,A,e,C7F63,A,ea,1096484416,
FEA63,A,n,C7F63,A,na,1096484416,
FEA64,A,e,C7F64,A,ea,1096484416,
FEA64,A,n,C7F64,A,na,1096484416,
FEA65,A,e,C7F65,A,ea,1096484416,
FEA65,A,n,C7F65,A,na,1096484416,
FEA66,A,e,C7F66,A,ea,1096484416,
FEA66,A,n,C7F66,A,na,1096484416,
FEA67,A,e,C7F67,A,ea,1096484416,
FEA67,A,n,C7F67,A,na,1096484416,
FEA68,A,e,C7F68,A,ea,1096484416,
FEA68,A,n,C7F68,A,na,1096484416,
FEA69,A,e,C7F69,A,ea,1096484416,
FEA69,A,n,C7F69,A,na,1096484416,
FEA7,A,e,C7F7,A,ea,1096484416,
FEA7,A,n,C7F7,A,na,1096484416,
FEA70,A,e,C7F70,A,ea,1096484416,
FEA70,A,n,C7F70,A,na,1096484416,
FEA71,A,e,C7F71,A,ea,1096484416,
FEA71,A,n,C7F71,A,na,1096484416,
FEA72,A,e,C7F72,A,ea,1096484416,
FEA72,A,n,C7F72,A,na,1096484416,
FEA73,A,e,C7F73,A,ea,1096484416,
FEA73,A,n,C7F73,A,na,1096484416,
FEA74,A,e,C7F74,A,ea,1096484416,
FEA74,A,n,C7F74,A,na,1096484416,
FEA75,A,e,C7F75,A,ea,1096484416,
FEA75,A,n,C7F75,A,na,1096484416,
FEA76,A,e,C7F76,A,ea,1096484416,
FEA76,A,n,C7F76,A,na,1096484416,
FEA77,A,e,C7F77,A,ea,1096484416,
FEA77,A,n,C7F77,A,na,1096484416,
FEA78,A,e,C7F78,A,ea,1096484416,
FEA78,A,n,C7F78,A,na,1096484416,
FEA79,A,e,C7F79,A,ea,1096484416,
FEA79,A,n,C7F79,A,na,1096484416,
FEA8,A,e,C7F8,A,ea,1096484416,
FEA8,A,n,C7F8,A,na,1096484416,
FEA80,A,e,C7F80,A,ea,1096484416,
FEA80,A,n,C7F80,A,na,1096484416,
FEA81,A,e,C7F81,A,ea,1096484416,
FEA81,A,n,C7F81,A,na,1096484416,
FEA82,A,e,C7F82,A,ea,1096484416,
FEA82,A,n,C7F82,A,na,1096484416,
FEA83,A,e,C7F83,A,ea,1096484416,
FEA83,A,n,C7F83,A,na,1096484416,
FEA84,A,e,C7F84,A,ea,1096484416,
FEA84,A,n,C7F84,A,na,1096484416,
FEA85,A,e,C7F85,A,ea,1096484416,
FEA85,A,n,C7F85,A,na,1096484416,
FEA86,A,e,C7F86,A,ea,1096484416,
FEA86,A,n,C7F86,A,na,1096484416,
FEA87,A,e,C7F87,A,ea,1096484416,
FEA87,A,n,C7F87,A,na,1096484416,
FEA88,A,e,C7F88,A,ea,1096484416,
FEA88,A,n,C7F88,A,na,1096484416,
FEA89,A,e,C7F89,A,ea,1096484416,
FEA89,A,n,C7F89,A,na,1096484416,
FEA9,A,e,C7F9,A,ea,1096484416,
FEA9,A,n,C7F9,A,na,1096484416,
FEA90,A,e,C7F90,A,ea,1096484416,
FEA90,A,n,C7F90,A,na,1096484416,
FEA91,A,e,C7F91,A,ea,1096484416,
FEA91,A,n,C7F91,A,na,1096484416,
FEA92,A,e,C7F92,A,ea,1096484416,
FEA92,A,n,C7F92,A,na,1096484416,
FEA93,A,e,C7F93,A,ea,1096484416,
FEA93,A,n,C7F93,A,na,1096484416,
FEA94,A,e,C7F94,A,ea,1096484416,
FEA94,A,n,C7F94,A,na,1096484416,
FEA95,A,e,C7F95,A,ea,1096484416,
FEA95,A,n,C7F95,A,na,1096484416,
FEA96,A,e,C7F96,A,ea,1096484416,
FEA96,A,n,C7F96,A,na,1096484416,
FEA97,A,e,C7F97,A,ea,1096484416,
FEA97,A,n,C7F97,A,na,1096484416,
FEA98,A,e,C7F98,A,ea,1096484416,
FEA98,A,n,C7F98,A,na,1096484416,
FEA99,A,e,C7F99,A,ea,1096484416,
FEA99,A,n,C7F99,A,na,1096484416,
HH0,A,ground,A80,T,ground,1096520416,
HH1,A,ground,A104,T,ground,1096520416,
HH11,A,ground,A64,T,ground,1096520416,
HH12,A,ground,A53,T,ground,1096520416,
HH13,A,ground,A31,T,ground,1096520416,
HH14,A,ground,A65,T,ground,1096495216,
HH15,A,ground,A48,T,ground,1172539271,
HH2,A,ground,A96,T,ground,1096419616,
HH23,A,ground,A88,T,ground,1096495216,
HH24,A,ground,A9,T,ground,1096495216,
HH25,A,ground,A20,T,ground,1096495216,
HH26,A,ground,A89,T,ground,1096470016,
HH27,A,ground,A43,T,ground,1096470016,
HH28,A,ground,A18,T,ground,1170172818,
HH3,A,ground,A29,T,ground,1172539107,
HH36,A,ground,A33,T,ground,1170172818,
HH37,A,ground,A105,T,ground,1096470016,
HH38,A,ground,A22,T,ground,1096470016,
HH39,A,ground,A81,T,ground,1096470016,
HH40,A,ground,A10,T,ground,1096470016,
HH41,A,ground,A108,T,ground,1172539335,
HH42,A,ground,A16,T,ground,1170172818,
HH51,A,ground,A6,T,ground,1096470016,
HH52,A,ground,A72,T,ground,1096470016,
HH53,A,ground,A112,T,ground,1096470016,
HH54,A,ground,A97,T,ground,1096470016,
HH55,A,ground,A8,T,ground,1173298495,
HH56,A,ground,A92,T,ground,1172694262,
HH69,A,ground,A19,T,ground,1177641108,
HH70,A,ground,A75,T,ground,1173298415,
HH71,A,ground,A91,T,ground,1173298456,
HH84,A,ground,A107,T,ground,1170172818,
HH85,A,ground,A11,T,ground,1170172818,
HH86,A,ground,A127,T,ground,1170172818,
HH87,A,ground,A35,T,ground,1170172818,
PH00,A,ground,A44,P,ground,1096484416,
PH01,A,ground,A14,P,ground,1096484416,
PH02,A,ground,A86,P,ground,1096484416,
PH11,A,ground,A69,P,ground,1096484416,
PH12,A,ground,A40,P,ground,1096484416,
PH13,A,ground,A101,P,ground,1096484416,
PH14,A,ground,A102,P,ground,1096484416,
PH23,A,ground,A125,P,ground,1096484416,
PH24,A,ground,A84,P,ground,1096484416,
PH25,A,ground,A100,P,ground,1096484416,
PH26,A,ground,A85,P,ground,1096484416,
PH27,A,ground,A54,P,ground,1096484416,
PH37,A,ground,A17,P,ground,1096484416,
PH38,A,ground,A68,P,ground,1096484416,
PH39,A,ground,A62,P,ground,1096484416,
PH40,A,ground,A0,P,ground,1096484416,
PH52,A,ground,A2,P,ground,1096484416,
PH53,A,ground,A21,P,ground,1096484416,
PH54,A,ground,A45,P,ground,1096484416,
PI1,A,ground,A61,P,ground,1096484416,
PI10,A,ground,A70,P,ground,1096484416,
PI11,A,ground,A56,P,ground,1096484416,
PI12,A,ground,A71,P,ground,1096484416,
PI13,A,ground,A59,P,ground,1096484416,
PI14,A,ground,A23,P,ground,1096484416,
PI15,A,ground,A50,P,ground,1096484416,
PI16,A,ground,A38,P,ground,1096484416,
PI17,A,ground,A26,P,ground,1096484416,
PI18,A,ground,A87,P,ground,1096484416,
PI19,A,ground,A103,P,ground,1096484416,
PI2,A,ground,A63,P,ground,1096484416,
PI20,A,ground,A42,P,ground,1096484416,
PI21,A,ground,A15,P,ground,1096484416,
PI22,A,ground,A99,P,ground,1096484416,
PI23,A,ground,A1,P,ground,1096484416,
PI24,A,ground,A47,P,ground,1096484416,
PI25,A,ground,A83,P,ground,1096484416,
PI26,A,ground,A37,P,ground,1096484416,
PI27,A,ground,A4,P,ground,1096484416,
PI28,A,ground,A90,P,ground,1096484416,
PI29,A,ground,A82,P,ground,1096484416,
PI3,A,ground,A67,P,ground,1096484416,
PI30,A,ground,A98,P,ground,1096484416,
PI31,A,ground,A74,P,ground,1096484416,
PI32,A,ground,A106,P,ground,1096484416,
PI33,A,ground,A116,P,ground,1096484416,
PI34,A,ground,A115,P,ground,1096484416,
PI35,A,ground,A114,P,ground,1096484416,
PI36,A,ground,A113,P,ground,1096484416,
PI37,A,ground,A126,P,ground,1096484416,1146499217.0
PI38,A,ground,A127,P,ground,1096484416,1170172818.0
PI39,A,ground,A41,P,ground,1096484416,1146499217.0
PI4,A,ground,A58,P,ground,1096484416,
PI40,A,ground,A16,P,ground,1096484416,1170172818.0
PI41,A,ground,A13,P,ground,1096484416,
PI42,A,ground,A46,P,ground,1096484416,
PI43,A,ground,A124,P,ground,1096484416,
PI44,A,ground,A123,P,ground,1096484416,
PI45,A,ground,A122,P,ground,1096484416,
PI46,A,ground,A57,P,ground,1096484416,
PI47,A,ground,A121,P,ground,1096484416,
PI48,A,ground,A120,P,ground,1096484416,
PI49,A,ground,A119,P,ground,1096484416,
PI5,A,ground,A3,P,ground,1096484416,
PI50,A,ground,A118,P,ground,1096484416,
PI6,A,ground,A73,P,ground,1096484416,
PI7,A,ground,A66,P,ground,1096484416,
PI8,A,ground,A117,P,ground,1096484416,
PI9,A,ground,A49,P,ground,1096484416,
PPA10,A,ground,A28,P,ground,1096484416,
PPA12,A,ground,A34,P,ground,1096484416,
PPA14,A,ground,A51,P,ground,1096484416,
PPA6,A,ground,A19,P,ground,1096484416,1177641109.0
PPA8,A,ground,A29,P,ground,1096484416,1172539108.0
PPE10,A,ground,A93,P,ground,1096484416,
PPE12,A,ground,A94,P,ground,1096484416,
PPE14,A,ground,A95,P,ground,1096484416,
PPE6,A,ground,A91,P,ground,1096484416,1173298456.0
PPE8,A,ground,A92,P,ground,1096484416,1172694262.0
RCVR0,A,eb,RO3B4E,A,a,1096484416,
RCVR0,A,nb,RO3B4N,A,a,1096484416,
RCVR1,A,eb,RO3B7E,A,a,1096484416,
RCVR1,A,nb,RO3B7N,A,a,1096484416,
RCVR10,A,eb,RO3B6E,A,a,1096484416,
RCVR10,A,nb,RO3B6N,A,a,1096484416,
RCVR100,A,eb,RO2A6E,A,a,1096484416,
RCVR100,A,nb,RO2A6N,A,a,1096484416,
RCVR101,A,eb,RO7A5E,A,a,1096484416,
RCVR101,A,nb,RO7A5N,A,a,1096484416,
RCVR102,A,eb,RO6A2E,A,a,1096484416,
RCVR102,A,nb,RO6A2N,A,a,1096484416,
RCVR103,A,eb,RO4B2E,A,a,1096484416,
RCVR103,A,nb,RO4B2N,A,a,1096484416,
RCVR104,A,eb,RO7A8E,A,a,1096484416,
RCVR104,A,nb,RO7A8N,A,a,1096484416,
RCVR105,A,eb,RO5B4E,A,a,1096484416,
RCVR105,A,nb,RO5B4N,A,a,1096484416,
RCVR106,A,eb,RO6B8E,A,a,1096484416,
RCVR106,A,nb,RO6B8N,A,a,1096484416,
RCVR107,A,eb,RO5A5E,A,a,1096484416,
RCVR107,A,nb,RO5A5N,A,a,1096484416,
RCVR108,A,eb,RO2B4E,A,a,1096484416,
RCVR108,A,nb,RO2B4N,A,a,1096484416,
RCVR109,A,eb,RO3A6E,A,a,1096484416,
RCVR109,A,nb,RO3A6N,A,a,1096484416,
RCVR11,A,eb,RO2A7E,A,a,1096484416,
RCVR11,A,nb,RO2A7N,A,a,1096484416,
RCVR110,A,eb,RO7B7E,A,a,1096484416,
RCVR110,A,nb,RO7B7N,A,a,1096484416,
RCVR111,A,eb,RO4A5E,A,a,1096484416,
RCVR111,A,nb,RO4A5N,A,a,1096484416,
RCVR112,A,eb,RO6B2E,A,a,1096484416,
RCVR112,A,nb,RO6B2N,A,a,1096484416,
RCVR113,A,eb,RO7B3E,A,a,1096484416,
RCVR113,A,nb,RO7B3N,A,a,1096484416,
RCVR114,A,eb,RO6B7E,A,a,1096484416,
RCVR114,A,nb,RO6B7N,A,a,1096484416,
RCVR115,A,eb,RO1B7E,A,a,1096484416,
RCVR115,A,nb,RO1B7N,A,a,1096484416,
RCVR116,A,eb,RO1B2E,A,a,1096484416,
RCVR116,A,nb,RO1B2N,A,a,1096484416,
RCVR117,A,eb,RO7A3E,A,a,1096484416,
RCVR117,A,nb,RO7A3N,A,a,1096484416,
RCVR118,A,eb,RO4B1E,A,a,1096484416,
RCVR118,A,nb,RO4B1N,A,a,1096484416,
RCVR119,A,eb,RO7A6E,A,a,1096484416,
RCVR119,A,nb,RO7A6N,A,a,1096484416,
RCVR12,A,eb,RO3A2E,A,a,1096484416,
RCVR12,A,nb,RO3A2N,A,a,1096484416,
RCVR120,A,eb,RO5A7E,A,a,1096484416,
RCVR120,A,nb,RO5A7N,A,a,1096484416,
RCVR121,A,eb,RO7B2E,A,a,1096484416,
RCVR121,A,nb,RO7B2N,A,a,1096484416,
RCVR122,A,eb,RO5B2E,A,a,1096484416,
RCVR122,A,nb,RO5B2N,A,a,1096484416,
RCVR123,A,eb,RO1A5E,A,a,1096484416,
RCVR123,A,nb,RO1A5N,A,a,1096484416,
RCVR124,A,eb,RO3B3E,A,a,1096484416,
RCVR124,A,nb,RO3B3N,A,a,1096484416,
RCVR125,A,eb,RO1B5E,A,a,1096484416,
RCVR125,A,nb,RO1B5N,A,a,1096484416,
RCVR126,A,eb,RO5A1E,A,a,1096484416,
RCVR126,A,nb,RO5A1N,A,a,1096484416,
RCVR127,A,eb,RO7B4E,A,a,1096484416,
RCVR127,A,nb,RO7B4N,A,a,1096484416,
RCVR13,A,eb,RO2A8E,A,a,1096484416,
RCVR13,A,nb,RO2A8N,A,a,1096484416,
RCVR14,A,eb,RO3A4E,A,a,1096484416,
RCVR14,A,nb,RO3A4N,A,a,1096484416,
RCVR15,A,eb,RO2B1E,A,a,1096484416,
RCVR15,A,nb,RO2B1N,A,a,1096484416,
RCVR16,A,eb,RO3B2E,A,a,1096484416,
RCVR16,A,nb,RO3B2N,A,a,1096484416,
RCVR17,A,eb,RO3A8E,A,a,1096484416,
RCVR17,A,nb,RO3A8N,A,a,1096484416,
RCVR18,A,eb,RO3A1E,A,a,1096484416,
RCVR18,A,nb,RO3A1N,A,a,1096484416,
RCVR19,A,eb,RO8A6E,A,a,1096484416,
RCVR19,A,nb,RO8A6N,A,a,1096484416,
RCVR2,A,eb,RO3A3E,A,a,1096484416,
RCVR2,A,nb,RO3A3N,A,a,1096484416,
RCVR20,A,eb,RO8B5E,A,a,1096484416,
RCVR20,A,nb,RO8B5N,A,a,1096484416,
RCVR21,A,eb,RO5B6E,A,a,1096484416,
RCVR21,A,nb,RO5B6N,A,a,1096484416,
RCVR22,A,eb,RO5A8E,A,a,1096484416,
RCVR22,A,nb,RO5A8N,A,a,1096484416,
RCVR23,A,eb,RO6B6E,A,a,1096484416,
RCVR23,A,nb,RO6B6N,A,a,1096484416,
RCVR24,A,eb,RO4A6E,A,a,1096484416,
RCVR24,A,nb,RO4A6N,A,a,1096484416,
RCVR25,A,eb,RO5B7E,A,a,1096484416,
RCVR25,A,nb,RO5B7N,A,a,1096484416,
RCVR26,A,eb,RO8A8E,A,a,1096484416,
RCVR26,A,nb,RO8A8N,A,a,1096484416,
RCVR27,A,eb,RO4B3E,A,a,1096484416,
RCVR27,A,nb,RO4B3N,A,a,1096484416,
RCVR28,A,eb,RO4A3E,A,a,1096484416,
RCVR28,A,nb,RO4A3N,A,a,1096484416,
RCVR29,A,eb,RO5B8E,A,a,1096484416,
RCVR29,A,nb,RO5B8N,A,a,1096484416,
RCVR3,A,eb,RO2B8E,A,a,1096484416,
RCVR3,A,nb,RO2B8N,A,a,1096484416,
RCVR30,A,eb,RO6A7E,A,a,1096484416,
RCVR30,A,nb,RO6A7N,A,a,1096484416,
RCVR31,A,eb,RO6B3E,A,a,1096484416,
RCVR31,A,nb,RO6B3N,A,a,1096484416,
RCVR32,A,eb,RO4A4E,A,a,1096484416,
RCVR32,A,nb,RO4A4N,A,a,1096484416,
RCVR33,A,eb,RO6B5E,A,a,1096484416,
RCVR33,A,nb,RO6B5N,A,a,1096484416,
RCVR34,A,eb,RO8A3E,A,a,1096484416,
RCVR34,A,nb,RO8A3N,A,a,1096484416,
RCVR35,A,eb,RO1A8E,A,a,1096484416,
RCVR35,A,nb,RO1A8N,A,a,1096484416,
RCVR36,A,eb,RO1A4E,A,a,1096484416,
RCVR36,A,nb,RO1A4N,A,a,1096484416,
RCVR37,A,eb,RO2B7E,A,a,1096484416,
RCVR37,A,nb,RO2B7N,A,a,1096484416,
RCVR38,A,eb,RO1A1E,A,a,1096484416,
RCVR38,A,nb,RO1A1N,A,a,1096484416,
RCVR39,A,eb,RO5B3E,A,a,1096484416,
RCVR39,A,nb,RO5B3N,A,a,1096484416,
RCVR4,A,eb,RO1A6E,A,a,1096484416,
RCVR4,A,nb,RO1A6N,A,a,1096484416,
RCVR40,A,eb,RO7B6E,A,a,1096484416,
RCVR40,A,nb,RO7B6N,A,a,1096484416,
RCVR41,A,eb,RO5A4E,A,a,1096484416,
RCVR41,A,nb,RO5A4N,A,a,1096484416,
RCVR42,A,eb,RO7B5E,A,a,1096484416,
RCVR42,A,nb,RO7B5N,A,a,1096484416,
RCVR43,A,eb,RO7A4E,A,a,1096484416,
RCVR43,A,nb,RO7A4N,A,a,1096484416,
RCVR44,A,eb,RO7B1E,A,a,1096484416,
RCVR44,A,nb,RO7B1N,A,a,1096484416,
RCVR45,A,eb,RO6A6E,A,a,1096484416,
RCVR45,A,nb,RO6A6N,A,a,1096484416,
RCVR46,A,eb,RO8B2E,A,a,1096484416,
RCVR46,A,nb,RO8B2N,A,a,1096484416,
RCVR47,A,eb,RO5B5E,A,a,1096484416,
RCVR47,A,nb,RO5B5N,A,a,1096484416,
RCVR48,A,eb,RO5A2E,A,a,1096484416,
RCVR48,A,nb,RO5A2N,A,a,1096484416,
RCVR49,A,eb,RO2B6E,A,a,1096484416,
RCVR49,A,nb,RO2B6N,A,a,1096484416,
RCVR5,A,eb,RO2A1E,A,a,1096484416,
RCVR5,A,nb,RO2A1N,A,a,1096484416,
RCVR50,A,eb,RO1B6E,A,a,1096484416,
RCVR50,A,nb,RO1B6N,A,a,1096484416,
RCVR51,A,eb,RO1A7E,A,a,1096484416,
RCVR51,A,nb,RO1A7N,A,a,1096484416,
RCVR52,A,eb,RO4B8E,A,a,1096484416,
RCVR52,A,nb,RO4B8N,A,a,1096484416,
RCVR53,A,eb,RO2B5E,A,a,1096484416,
RCVR53,A,nb,RO2B5N,A,a,1096484416,
RCVR54,A,eb,RO1B8E,A,a,1096484416,
RCVR54,A,nb,RO1B8N,A,a,1096484416,
RCVR55,A,eb,RO4A8E,A,a,1096484416,
RCVR55,A,nb,RO4A8N,A,a,1096484416,
RCVR56,A,eb,RO1A2E,A,a,1096484416,
RCVR56,A,nb,RO1A2N,A,a,1096484416,
RCVR57,A,eb,RO6B1E,A,a,1096484416,
RCVR57,A,nb,RO6B1N,A,a,1096484416,
RCVR58,A,eb,RO4A7E,A,a,1096484416,
RCVR58,A,nb,RO4A7N,A,a,1096484416,
RCVR59,A,eb,RO4B7E,A,a,1096484416,
RCVR59,A,nb,RO4B7N,A,a,1096484416,
RCVR6,A,eb,RO2A2E,A,a,1096484416,
RCVR6,A,nb,RO2A2N,A,a,1096484416,
RCVR60,A,eb,RO5B1E,A,a,1096484416,
RCVR60,A,nb,RO5B1N,A,a,1096484416,
RCVR61,A,eb,RO4A2E,A,a,1096484416,
RCVR61,A,nb,RO4A2N,A,a,1096484416,
RCVR62,A,eb,RO4B4E,A,a,1096484416,
RCVR62,A,nb,RO4B4N,A,a,1096484416,
RCVR63,A,eb,RO4B6E,A,a,1096484416,
RCVR63,A,nb,RO4B6N,A,a,1096484416,
RCVR64,A,eb,RO6A1E,A,a,1096484416,
RCVR64,A,nb,RO6A1N,A,a,1096484416,
RCVR65,A,eb,RO8B6E,A,a,1096484416,
RCVR65,A,nb,RO8B6N,A,a,1096484416,
RCVR66,A,eb,RO8B4E,A,a,1096484416,
RCVR66,A,nb,RO8B4N,A,a,1096484416,
RCVR68,A,eb,RO8B7E,A,a,1096484416,
RCVR68,A,nb,RO8B7N,A,a,1096484416,
RCVR69,A,eb,RO8A4E,A,a,1096484416,
RCVR69,A,nb,RO8A4N,A,a,1096484416,
RCVR7,A,eb,RO3A7E,A,a,1096484416,
RCVR7,A,nb,RO3A7N,A,a,1096484416,
RCVR70,A,eb,RO2A4E,A,a,1096484416,
RCVR70,A,nb,RO2A4N,A,a,1096484416,
RCVR71,A,eb,RO2B2E,A,a,1096484416,
RCVR71,A,nb,RO2B2N,A,a,1096484416,
RCVR72,A,eb,RO1B3E,A,a,1096484416,
RCVR72,A,nb,RO1B3N,A,a,1096484416,
RCVR73,A,eb,RO8A1E,A,a,1096484416,
RCVR73,A,nb,RO8A1N,A,a,1096484416,
RCVR74,A,eb,RO7A2E,A,a,1096484416,
RCVR74,A,nb,RO7A2N,A,a,1096484416,
RCVR75,A,eb,RO6A5E,A,a,1096484416,
RCVR75,A,nb,RO6A5N,A,a,1096484416,
RCVR76,A,eb,RO6A3E,A,a,1096484416,
RCVR76,A,nb,RO6A3N,A,a,1096484416,
RCVR77,A,eb,RO6B4E,A,a,1096484416,
RCVR77,A,nb,RO6B4N,A,a,1096484416,
RCVR78,A,eb,RO6A4E,A,a,1096484416,
RCVR78,A,nb,RO6A4N,A,a,1096484416,
RCVR79,A,eb,RO8A5E,A,a,1096484416,
RCVR79,A,nb,RO8A5N,A,a,1096484416,
RCVR8,A,eb,RO2B3E,A,a,1096484416,
RCVR8,A,nb,RO2B3N,A,a,1096484416,
RCVR80,A,eb,RO8A2E,A,a,1096484416,
RCVR80,A,nb,RO8A2N,A,a,1096484416,
RCVR81,A,eb,RO8B3E,A,a,1096484416,
RCVR81,A,nb,RO8B3N,A,a,1096484416,
RCVR82,A,eb,RO2A3E,A,a,1096484416,
RCVR82,A,nb,RO2A3N,A,a,1096484416,
RCVR83,A,eb,RO8B8E,A,a,1096484416,
RCVR83,A,nb,RO8B8N,A,a,1096484416,
RCVR84,A,eb,RO3A5E,A,a,1096484416,
RCVR84,A,nb,RO3A5N,A,a,1096484416,
RCVR85,A,eb,RO3B5E,A,a,1096484416,
RCVR85,A,nb,RO3B5N,A,a,1096484416,
RCVR86,A,eb,RO8A7E,A,a,1096484416,
RCVR86,A,nb,RO8A7N,A,a,1096484416,
RCVR87,A,eb,RO2A5E,A,a,1096484416,
RCVR87,A,nb,RO2A5N,A,a,1096484416,
RCVR88,A,eb,RO6A8E,A,a,1096484416,
RCVR88,A,nb,RO6A8N,A,a,1096484416,
RCVR89,A,eb,RO7A7E,A,a,1096484416,
RCVR89,A,nb,RO7A7N,A,a,1096484416,
RCVR9,A,eb,RO1A3E,A,a,1096484416,
RCVR9,A,nb,RO1A3N,A,a,1096484416,
RCVR90,A,eb,RO8B1E,A,a,1096484416,
RCVR90,A,nb,RO8B1N,A,a,1096484416,
RCVR91,A,eb,RO1B1E,A,a,1096484416,
RCVR91,A,nb,RO1B1N,A,a,1096484416,
RCVR92,A,eb,RO1B4E,A,a,1096484416,
RCVR92,A,nb,RO1B4N,A,a,1096484416,
RCVR93,A,eb,RO4A1E,A,a,1096484416,
RCVR93,A,nb,RO4A1N,A,a,1096484416,
RCVR94,A,eb,RO5A6E,A,a,1096484416,
RCVR94,A,nb,RO5A6N,A,a,1096484416,
RCVR95,A,eb,RO5A3E,A,a,1096484416,
RCVR95,A,nb,RO5A3N,A,a,1096484416,
RCVR96,A,eb,RO3B1E,A,a,1096484416,
RCVR96,A,nb,RO3B1N,A,a,1096484416,
RCVR97,A,eb,RO4B5E,A,a,1096484416,
RCVR97,A,nb,RO4B5N,A,a,1096484416,
RCVR98,A,eb,RO7A1E,A,a,1096484416,
RCVR98,A,nb,RO7A1N,A,a,1096484416,
RCVR99,A,eb,RO7B8E,A,a,1096484416,
RCVR99,A,nb,RO7B8N,A,a,1096484416,
RI1A1E,A,b,RCVR38,A,ea,1096484416,
RI1A1N,A,b,RCVR38,A,na,1096484416,
RI1A2E,A,b,RCVR56,A,ea,1096484416,
RI1A2N,A,b,RCVR56,A,na,1096484416,
RI1A3E,A,b,RCVR9,A,ea,1096484416,
RI1A3N,A,b,RCVR9,A,na,1096484416,
RI1A4E,A,b,RCVR36,A,ea,1096484416,
