hpn,hpn_rev,hptype,manufacturer_number,start_gpstime,stop_gpstime
FDP13,A,feed,P13,1096509616,1184354472
FDA10,A,feed,P10,1096509616,1184354915
A68,H,antenna,H37,1184355359,
RI7B5N,A,cable_receiverin_n,RI7B5N,1096509616,
RI7B6E,A,cable_receiverin_e,RI7B6E,1096509616,
RI7B6N,A,cable_receiverin_n,RI7B6N,1096509616,
RI7B7E,A,cable_receiverin_e,RI7B7E,1096509616,
RI7B7N,A,cable_receiverin_n,RI7B7N,1096509616,
RI7B8E,A,cable_receiverin_e,RI7B8E,1096509616,
RI7B8N,A,cable_receiverin_n,RI7B8N,1096509616,
RI8A1E,A,cable_receiverin_e,RI8A1E,1096509616,
RI8A1N,A,cable_receiverin_n,RI8A1N,1096509616,
RI8A2E,A,cable_receiverin_e,RI8A2E,1096509616,
RI8A2N,A,cable_receiverin_n,RI8A2N,1096509616,
RI8A3E,A,cable_receiverin_e,RI8A3E,1096509616,
RI8A3N,A,cable_receiverin_n,RI8A3N,1096509616,
RI8A4E,A,cable_receiverin_e,RI8A4E,1096509616,
RI8A4N,A,cable_receiverin_n,RI8A4N,1096509616,
RI8A5E,A,cable_receiverin_e,RI8A5E,1096509616,
RI8A5N,A,cable_receiverin_n,RI8A5N,1096509616,
RI8A6E,A,cable_receiverin_e,RI8A6E,1096509616,
RI8A6N,A,cable_receiverin_n,RI8A6N,1096509616,
RI8A7E,A,cable_receiverin_e,RI8A7E,1096509616,
RI8A7N,A,cable_receiverin_n,RI8A7N,1096509616,
RI8A8E,A,cable_receiverin_e,RI8A8E,1096509616,
RI8A8N,A,cable_receiverin_n,RI8A8N,1096509616,
RI8B1E,A,cable_receiverin_e,RI8B1E,1096509616,
RI8B1N,A,cable_receiverin_n,RI8B1N,1096509616,
RI8B2E,A,cable_receiverin_e,RI8B2E,1096509616,
RI8B2N,A,cable_receiverin_n,RI8B2N,1096509616,
RI8B3E,A,cable_receiverin_e,RI8B3E,1096509616,
RI8B3N,A,cable_receiverin_n,RI8B3N,1096509616,
RI8B4E,A,cable_receiverin_e,RI8B4E,1096509616,
RI8B4N,A,cable_receiverin_n,RI8B4N,1096509616,
RI8B5E,A,cable_receiverin_e,RI8B5E,1096509616,
RI8B5N,A,cable_receiverin_n,RI8B5N,1096509616,
RI8B6E,A,cable_receiverin_e,RI8B6E,1096509616,
RI8B6N,A,cable_receiverin_n,RI8B6N,1096509616,
RI8B7E,A,cable_receiverin_e,RI8B7E,1096509616,
RI8B7N,A,cable_receiverin_n,RI8B7N,1096509616,
RI8B8E,A,cable_receiverin_e,RI8B8E,1096509616,
RI8B8N,A,cable_receiverin_n,RI8B8N,1096509616,
RO1A1E,A,cable_receiverout_e,RO1A1E,1096509616,
RO1A1N,A,cable_receiverout_n,RO1A1N,1096509616,
RO1A2E,A,cable_receiverout_e,RO1A2E,1096509616,
RO1A2N,A,cable_receiverout_n,RO1A2N,1096509616,
RO1A3E,A,cable_receiverout_e,RO1A3E,1096509616,
RO1A3N,A,cable_receiverout_n,RO1A3N,1096509616,
RO1A4E,A,cable_receiverout_e,RO1A4E,1096509616,
RO1A4N,A,cable_receiverout_n,RO1A4N,1096509616,
RO1A5E,A,cable_receiverout_e,RO1A5E,1096509616,
RO1A5N,A,cable_receiverout_n,RO1A5N,1096509616,
RO1A6E,A,cable_receiverout_e,RO1A6E,1096509616,
RO1A6N,A,cable_receiverout_n,RO1A6N,1096509616,
RO1A7E,A,cable_receiverout_e,RO1A7E,1096509616,
RO1A7N,A,cable_receiverout_n,RO1A7N,1096509616,
RO1A8E,A,cable_receiverout_e,RO1A8E,1096509616,
RO1A8N,A,cable_receiverout_n,RO1A8N,1096509616,
RO1B1E,A,cable_receiverout_e,RO1B1E,1096509616,
RO1B1N,A,cable_receiverout_n,RO1B1N,1096509616,
RO1B2E,A,cable_receiverout_e,RO1B2E,1096509616,
RO1B2N,A,cable_receiverout_n,RO1B2N,1096509616,
RO1B3E,A,cable_receiverout_e,RO1B3E,1096509616,
RO1B3N,A,cable_receiverout_n,RO1B3N,1096509616,
RO1B4E,A,cable_receiverout_e,RO1B4E,1096509616,
RO1B4N,A,cable_receiverout_n,RO1B4N,1096509616,
RO1B5E,A,cable_receiverout_e,RO1B5E,1096509616,
RO1B5N,A,cable_receiverout_n,RO1B5N,1096509616,
RO1B6E,A,cable_receiverout_e,RO1B6E,1096509616,
RO1B6N,A,cable_receiverout_n,RO1B6N,1096509616,
RO1B7E,A,cable_receiverout_e,RO1B7E,1096509616,
RO1B7N,A,cable_receiverout_n,RO1B7N,1096509616,
RO1B8E,A,cable_receiverout_e,RO1B8E,1096509616,
RO1B8N,A,cable_receiverout_n,RO1B8N,1096509616,
RO2A1E,A,cable_receiverout_e,RO2A1E,1096509616,
RO2A1N,A,cable_receiverout_n,RO2A1N,1096509616,
RO2A2E,A,cable_receiverout_e,RO2A2E,1096509616,
RO2A2N,A,cable_receiverout_n,RO2A2N,1096509616,
RO2A3E,A,cable_receiverout_e,RO2A3E,1096509616,
RO2A3N,A,cable_receiverout_n,RO2A3N,1096509616,
RO2A4E,A,cable_receiverout_e,RO2A4E,1096509616,
RO2A4N,A,cable_receiverout_n,RO2A4N,1096509616,
RO2A5E,A,cable_receiverout_e,RO2A5E,1096509616,
RO2A5N,A,cable_receiverout_n,RO2A5N,1096509616,
RO2A6E,A,cable_receiverout_e,RO2A6E,1096509616,
RO2A6N,A,cable_receiverout_n,RO2A6N,1096509616,
RO2A7E,A,cable_receiverout_e,RO2A7E,1096509616,
RO2A7N,A,cable_receiverout_n,RO2A7N,1096509616,
RO2A8E,A,cable_receiverout_e,RO2A8E,1096509616,
RO2A8N,A,cable_receiverout_n,RO2A8N,1096509616,
RO2B1E,A,cable_receiverout_e,RO2B1E,1096509616,
RO2B1N,A,cable_receiverout_n,RO2B1N,1096509616,
RO2B2E,A,cable_receiverout_e,RO2B2E,1096509616,
RO2B2N,A,cable_receiverout_n,RO2B2N,1096509616,
RO2B3E,A,cable_receiverout_e,RO2B3E,1096509616,
RO2B3N,A,cable_receiverout_n,RO2B3N,1096509616,
RO2B4E,A,cable_receiverout_e,RO2B4E,1096509616,
RO2B4N,A,cable_receiverout_n,RO2B4N,1096509616,
RO2B5E,A,cable_receiverout_e,RO2B5E,1096509616,
RO2B5N,A,cable_receiverout_n,RO2B5N,1096509616,
RO2B6E,A,cable_receiverout_e,RO2B6E,1096509616,
RO2B6N,A,cable_receiverout_n,RO2B6N,1096509616,
RO2B7E,A,cable_receiverout_e,RO2B7E,1096509616,
RO2B7N,A,cable_receiverout_n,RO2B7N,1096509616,
RO2B8E,A,cable_receiverout_e,RO2B8E,1096509616,
RO2B8N,A,cable_receiverout_n,RO2B8N,1096509616,
FDA13,B,feed,P13,1184354472,
RO3A1E,A,cable_receiverout_e,RO3A1E,1096509616,
RO3A1N,A,cable_receiverout_n,RO3A1N,1096509616,
RO3A2E,A,cable_receiverout_e,RO3A2E,1096509616,
RO3A2N,A,cable_receiverout_n,RO3A2N,1096509616,
RO3A3E,A,cable_receiverout_e,RO3A3E,1096509616,
RO3A3N,A,cable_receiverout_n,RO3A3N,1096509616,
RO3A4E,A,cable_receiverout_e,RO3A4E,1096509616,
RO3A4N,A,cable_receiverout_n,RO3A4N,1096509616,
RO3A5E,A,cable_receiverout_e,RO3A5E,1096509616,
RO3A5N,A,cable_receiverout_n,RO3A5N,1096509616,
RO3A6E,A,cable_receiverout_e,RO3A6E,1096509616,
RO3A6N,A,cable_receiverout_n,RO3A6N,1096509616,
RO3A7E,A,cable_receiverout_e,RO3A7E,1096509616,
RO3A7N,A,cable_receiverout_n,RO3A7N,1096509616,
RO3A8E,A,cable_receiverout_e,RO3A8E,1096509616,
RO3A8N,A,cable_receiverout_n,RO3A8N,1096509616,
RO3B1E,A,cable_receiverout_e,RO3B1E,1096509616,
RO3B1N,A,cable_receiverout_n,RO3B1N,1096509616,
RO3B2E,A,cable_receiverout_e,RO3B2E,1096509616,
RO3B2N,A,cable_receiverout_n,RO3B2N,1096509616,
RO3B3E,A,cable_receiverout_e,RO3B3E,1096509616,
RO3B3N,A,cable_receiverout_n,RO3B3N,1096509616,
RO3B4E,A,cable_receiverout_e,RO3B4E,1096509616,
RO3B4N,A,cable_receiverout_n,RO3B4N,1096509616,
RO3B5E,A,cable_receiverout_e,RO3B5E,1096509616,
RO3B5N,A,cable_receiverout_n,RO3B5N,1096509616,
RO3B6E,A,cable_receiverout_e,RO3B6E,1096509616,
RO3B6N,A,cable_receiverout_n,RO3B6N,1096509616,
RO3B7E,A,cable_receiverout_e,RO3B7E,1096509616,
RO3B7N,A,cable_receiverout_n,RO3B7N,1096509616,
RO4A1E,A,cable_receiverout_e,RO4A1E,1096509616,
RO4A1N,A,cable_receiverout_n,RO4A1N,1096509616,
RO4A2E,A,cable_receiverout_e,RO4A2E,1096509616,
RO4A2N,A,cable_receiverout_n,RO4A2N,1096509616,
RO4A3E,A,cable_receiverout_e,RO4A3E,1096509616,
RO4A3N,A,cable_receiverout_n,RO4A3N,1096509616,
RO4A4E,A,cable_receiverout_e,RO4A4E,1096509616,
RO4A4N,A,cable_receiverout_n,RO4A4N,1096509616,
RO4A5E,A,cable_receiverout_e,RO4A5E,1096509616,
RO4A5N,A,cable_receiverout_n,RO4A5N,1096509616,
RO4A6E,A,cable_receiverout_e,RO4A6E,1096509616,
RO4A6N,A,cable_receiverout_n,RO4A6N,1096509616,
RO4A7E,A,cable_receiverout_e,RO4A7E,1096509616,
RO4A7N,A,cable_receiverout_n,RO4A7N,1096509616,
RO4A8E,A,cable_receiverout_e,RO4A8E,1096509616,
RO4A8N,A,cable_receiverout_n,RO4A8N,1096509616,
RO4B1E,A,cable_receiverout_e,RO4B1E,1096509616,
RO4B1N,A,cable_receiverout_n,RO4B1N,1096509616,
RO4B2E,A,cable_receiverout_e,RO4B2E,1096509616,
RO4B2N,A,cable_receiverout_n,RO4B2N,1096509616,
RO4B3E,A,cable_receiverout_e,RO4B3E,1096509616,
RO4B3N,A,cable_receiverout_n,RO4B3N,1096509616,
RO4B4E,A,cable_receiverout_e,RO4B4E,1096509616,
RO4B4N,A,cable_receiverout_n,RO4B4N,1096509616,
RO4B5E,A,cable_receiverout_e,RO4B5E,1096509616,
RO4B5N,A,cable_receiverout_n,RO4B5N,1096509616,
RO4B6E,A,cable_receiverout_e,RO4B6E,1096509616,
RO4B6N,A,cable_receiverout_n,RO4B6N,1096509616,
RO4B7E,A,cable_receiverout_e,RO4B7E,1096509616,
RO4B7N,A,cable_receiverout_n,RO4B7N,1096509616,
RO4B8E,A,cable_receiverout_e,RO4B8E,1096509616,
RO4B8N,A,cable_receiverout_n,RO4B8N,1096509616,
RO5A1E,A,cable_receiverout_e,RO5A1E,1096509616,
RO5A1N,A,cable_receiverout_n,RO5A1N,1096509616,
RO5A2E,A,cable_receiverout_e,RO5A2E,1096509616,
RO5A2N,A,cable_receiverout_n,RO5A2N,1096509616,
RO5A3E,A,cable_receiverout_e,RO5A3E,1096509616,
RO5A3N,A,cable_receiverout_n,RO5A3N,1096509616,
RO5A4E,A,cable_receiverout_e,RO5A4E,1096509616,
RO5A4N,A,cable_receiverout_n,RO5A4N,1096509616,
RO5A5E,A,cable_receiverout_e,RO5A5E,1096509616,
RO5A5N,A,cable_receiverout_n,RO5A5N,1096509616,
RO5A6E,A,cable_receiverout_e,RO5A6E,1096509616,
RO5A6N,A,cable_receiverout_n,RO5A6N,1096509616,
RO5A7E,A,cable_receiverout_e,RO5A7E,1096509616,
RO5A7N,A,cable_receiverout_n,RO5A7N,1096509616,
RO5A8E,A,cable_receiverout_e,RO5A8E,1096509616,
RO5A8N,A,cable_receiverout_n,RO5A8N,1096509616,
RO5B1E,A,cable_receiverout_e,RO5B1E,1096509616,
RO5B1N,A,cable_receiverout_n,RO5B1N,1096509616,
RO5B2E,A,cable_receiverout_e,RO5B2E,1096509616,
RO5B2N,A,cable_receiverout_n,RO5B2N,1096509616,
RO5B3E,A,cable_receiverout_e,RO5B3E,1096509616,
RO5B3N,A,cable_receiverout_n,RO5B3N,1096509616,
RO5B4E,A,cable_receiverout_e,RO5B4E,1096509616,
RO5B4N,A,cable_receiverout_n,RO5B4N,1096509616,
RO5B5E,A,cable_receiverout_e,RO5B5E,1096509616,
RO5B5N,A,cable_receiverout_n,RO5B5N,1096509616,
RO5B6E,A,cable_receiverout_e,RO5B6E,1096509616,
RO5B6N,A,cable_receiverout_n,RO5B6N,1096509616,
RO5B7E,A,cable_receiverout_e,RO5B7E,1096509616,
RO5B7N,A,cable_receiverout_n,RO5B7N,1096509616,
RO5B8E,A,cable_receiverout_e,RO5B8E,1096509616,
RO5B8N,A,cable_receiverout_n,RO5B8N,1096509616,
RO6A1E,A,cable_receiverout_e,RO6A1E,1096509616,
RO6A1N,A,cable_receiverout_n,RO6A1N,1096509616,
RO6A2E,A,cable_receiverout_e,RO6A2E,1096509616,
RO6A2N,A,cable_receiverout_n,RO6A2N,1096509616,
RO6A3E,A,cable_receiverout_e,RO6A3E,1096509616,
RO6A3N,A,cable_receiverout_n,RO6A3N,1096509616,
RO6A4E,A,cable_receiverout_e,RO6A4E,1096509616,
RO6A4N,A,cable_receiverout_n,RO6A4N,1096509616,
RO6A5E,A,cable_receiverout_e,RO6A5E,1096509616,
RO6A5N,A,cable_receiverout_n,RO6A5N,1096509616,
SG10,A,station,P109,1096509616,
FDA55,B,feed,P55,1184354489,
RO6A6E,A,cable_receiverout_e,RO6A6E,1096509616,
RO6A6N,A,cable_receiverout_n,RO6A6N,1096509616,
RO6A7E,A,cable_receiverout_e,RO6A7E,1096509616,
RO6A7N,A,cable_receiverout_n,RO6A7N,1096509616,
RO6A8E,A,cable_receiverout_e,RO6A8E,1096509616,
RO6A8N,A,cable_receiverout_n,RO6A8N,1096509616,
RO6B1E,A,cable_receiverout_e,RO6B1E,1096509616,
RO6B1N,A,cable_receiverout_n,RO6B1N,1096509616,
RO6B2E,A,cable_receiverout_e,RO6B2E,1096509616,
RO6B2N,A,cable_receiverout_n,RO6B2N,1096509616,
RO6B3E,A,cable_receiverout_e,RO6B3E,1096509616,
RO6B3N,A,cable_receiverout_n,RO6B3N,1096509616,
RO6B4E,A,cable_receiverout_e,RO6B4E,1096509616,
RO6B4N,A,cable_receiverout_n,RO6B4N,1096509616,
RO6B5E,A,cable_receiverout_e,RO6B5E,1096509616,
RO6B5N,A,cable_receiverout_n,RO6B5N,1096509616,
RO6B6E,A,cable_receiverout_e,RO6B6E,1096509616,
RO6B6N,A,cable_receiverout_n,RO6B6N,1096509616,
RO6B7E,A,cable_receiverout_e,RO6B7E,1096509616,
RO6B7N,A,cable_receiverout_n,RO6B7N,1096509616,
RO6B8E,A,cable_receiverout_e,RO6B8E,1096509616,
RO6B8N,A,cable_receiverout_n,RO6B8N,1096509616,
RO7A1E,A,cable_receiverout_e,RO7A1E,1096509616,
RO7A1N,A,cable_receiverout_n,RO7A1N,1096509616,
RO7A2E,A,cable_receiverout_e,RO7A2E,1096509616,
RO7A2N,A,cable_receiverout_n,RO7A2N,1096509616,
RO7A3E,A,cable_receiverout_e,RO7A3E,1096509616,
RO7A3N,A,cable_receiverout_n,RO7A3N,1096509616,
RO7A4E,A,cable_receiverout_e,RO7A4E,1096509616,
RO7A4N,A,cable_receiverout_n,RO7A4N,1096509616,
RO7A5E,A,cable_receiverout_e,RO7A5E,1096509616,
RO7A5N,A,cable_receiverout_n,RO7A5N,1096509616,
RO7A6E,A,cable_receiverout_e,RO7A6E,1096509616,
RO7A6N,A,cable_receiverout_n,RO7A6N,1096509616,
RO7A7E,A,cable_receiverout_e,RO7A7E,1096509616,
RO7A7N,A,cable_receiverout_n,RO7A7N,1096509616,
RO7A8E,A,cable_receiverout_e,RO7A8E,1096509616,
RO7A8N,A,cable_receiverout_n,RO7A8N,1096509616,
RO7B1E,A,cable_receiverout_e,RO7B1E,1096509616,
RO7B1N,A,cable_receiverout_n,RO7B1N,1096509616,
RO7B2E,A,cable_receiverout_e,RO7B2E,1096509616,
RO7B2N,A,cable_receiverout_n,RO7B2N,1096509616,
RO7B3E,A,cable_receiverout_e,RO7B3E,1096509616,
RO7B3N,A,cable_receiverout_n,RO7B3N,1096509616,
RO7B4E,A,cable_receiverout_e,RO7B4E,1096509616,
RO7B4N,A,cable_receiverout_n,RO7B4N,1096509616,
RO7B5E,A,cable_receiverout_e,RO7B5E,1096509616,
RO7B5N,A,cable_receiverout_n,RO7B5N,1096509616,
RO7B6E,A,cable_receiverout_e,RO7B6E,1096509616,
RO7B6N,A,cable_receiverout_n,RO7B6N,1096509616,
RO7B7E,A,cable_receiverout_e,RO7B7E,1096509616,
RO7B7N,A,cable_receiverout_n,RO7B7N,1096509616,
RO7B8E,A,cable_receiverout_e,RO7B8E,1096509616,
RO7B8N,A,cable_receiverout_n,RO7B8N,1096509616,
RO8A1E,A,cable_receiverout_e,RO8A1E,1096509616,
RO8A1N,A,cable_receiverout_n,RO8A1N,1096509616,
RO8A2E,A,cable_receiverout_e,RO8A2E,1096509616,
RO8A2N,A,cable_receiverout_n,RO8A2N,1096509616,
RO8A3E,A,cable_receiverout_e,RO8A3E,1096509616,
RO8A3N,A,cable_receiverout_n,RO8A3N,1096509616,
RO8A4E,A,cable_receiverout_e,RO8A4E,1096509616,
RO8A4N,A,cable_receiverout_n,RO8A4N,1096509616,
RO8A5E,A,cable_receiverout_e,RO8A5E,1096509616,
RO8A5N,A,cable_receiverout_n,RO8A5N,1096509616,
RO8A6E,A,cable_receiverout_e,RO8A6E,1096509616,
RO8A6N,A,cable_receiverout_n,RO8A6N,1096509616,
RO8A7E,A,cable_receiverout_e,RO8A7E,1096509616,
RO8A7N,A,cable_receiverout_n,RO8A7N,1096509616,
RO8A8E,A,cable_receiverout_e,RO8A8E,1096509616,
RO8A8N,A,cable_receiverout_n,RO8A8N,1096509616,
RO8B1E,A,cable_receiverout_e,RO8B1E,1096509616,
RO8B1N,A,cable_receiverout_n,RO8B1N,1096509616,
RO8B2E,A,cable_receiverout_e,RO8B2E,1096509616,
RO8B2N,A,cable_receiverout_n,RO8B2N,1096509616,
RO8B3E,A,cable_receiverout_e,RO8B3E,1096509616,
RO8B3N,A,cable_receiverout_n,RO8B3N,1096509616,
RO8B4E,A,cable_receiverout_e,RO8B4E,1096509616,
RO8B4N,A,cable_receiverout_n,RO8B4N,1096509616,
RO8B5E,A,cable_receiverout_e,RO8B5E,1096509616,
HH67,A,station,S2,1184185417,
HH68,A,station,S2,1184185431,
SG7,A,station,P11,1096509616,
SG8,A,station,P108,1096509616,
RO8B5N,A,cable_receiverout_n,RO8B5N,1096509616,
RO8B6E,A,cable_receiverout_e,RO8B6E,1096509616,
RO8B6N,A,cable_receiverout_n,RO8B6N,1096509616,
RO8B7E,A,cable_receiverout_e,RO8B7E,1096509616,
RO8B7N,A,cable_receiverout_n,RO8B7N,1096509616,
RO8B8E,A,cable_receiverout_e,RO8B8E,1096509616,
RO8B8N,A,cable_receiverout_n,RO8B8N,1096509616,
SA11,A,station,P55,1096509616,
SA13,A,station,P27,1096509616,
SA5,A,station,P25,1096509616,
SA7,A,station,P48,1096509616,
SA9,A,station,P24,1096509616,
SC10,A,station,P77,1096509616,
SC11,A,station,P32,1096509616,
SC12,A,station,P78,1096509616,
SC13,A,station,P30,1096509616,
SC14,A,station,P79,1096509616,
SC5,A,station,P35,1096509616,
SC6,A,station,P75,1096509616,
SC7,A,station,P18,1096509616,
SC8,A,station,P76,1096509616,
SC9,A,station,P5,1096509616,
SE11,A,station,P7,1096509616,
SE13,A,station,P12,1096509616,
A40,H,antenna,H14,1184354915,
SE5,A,station,P33,1096509616,
A0,P,antenna,P0,1096509616,
A13,P,antenna,P13,1096509616,1184354472
A1,P,antenna,P1,1096509616,
A10,P,antenna,P10,1096383616,1096470016
A100,P,antenna,P100,1096509616,
A101,P,antenna,P101,1096509616,
A102,P,antenna,P102,1096509616,
A103,P,antenna,P103,1096509616,
A104,P,antenna,P104,1096434016,1096520416
A105,P,antenna,P105,1096383616,1096470016
A106,P,antenna,P106,1096509616,
A107,P,antenna,P107,1096509616,1170144018
A108,P,antenna,P108,1096509616,1172539335
A109,P,antenna,P109,1096509616,
A11,P,antenna,P11,1096509616,1170144018
A110,P,antenna,P110,1096509616,
A111,P,antenna,P111,1096509616,
A112,P,antenna,P112,1096383616,1096470016
A113,P,antenna,P113,1096509616,
A114,P,antenna,P114,1096509616,
A115,P,antenna,P115,1096509616,
A116,P,antenna,P116,1096509616,
A117,P,antenna,P117,1096509616,
A118,P,antenna,P118,1096509616,
A119,P,antenna,P119,1096509616,
A12,P,antenna,P12,1096509616,
A120,P,antenna,P120,1096509616,
A121,P,antenna,P121,1096509616,
A122,P,antenna,P122,1096509616,
A123,P,antenna,P123,1096509616,
A124,P,antenna,P124,1096509616,
A125,P,antenna,P125,1096509616,
A126,P,antenna,P126,1096509616,1146499217
A127,P,antenna,P127,1096509616,1170144018
A14,P,antenna,P14,1096509616,
A15,P,antenna,P15,1096509616,
A16,P,antenna,P16,1096509616,1170144018
A17,P,antenna,P17,1096509616,
A18,P,antenna,P18,1096509616,1170144018
A19,P,antenna,P19,1096509616,1146474017
A2,P,antenna,P2,1096509616,
A20,P,antenna,P20,1096408816,1096495216
A21,P,antenna,P21,1096509616,
A22,P,antenna,P22,1096383616,1096470016
A23,P,antenna,P23,1096509616,
A24,P,antenna,P24,1096509616,
A25,P,antenna,P25,1096509616,1146499217
A26,P,antenna,P26,1096509616,
A27,P,antenna,P27,1096509616,
A28,P,antenna,P28,1096509616,
A29,P,antenna,P29,1096509616,1172539108
A3,P,antenna,P3,1096509616,
A30,P,antenna,P30,1096509616,
A31,P,antenna,P31,1096434016,1096520416
A32,P,antenna,P32,1096509616,
A33,P,antenna,P33,1096509616,1170144018
A34,P,antenna,P34,1096509616,
A35,P,antenna,P35,1096509616,1170144018
A36,P,antenna,P36,1096509616,
A37,P,antenna,P37,1096509616,
A38,P,antenna,P38,1096509616,
A39,P,antenna,P39,1096509616,
A4,P,antenna,P4,1096509616,
A40,P,antenna,P40,1096509616,
A41,P,antenna,P41,1096509616,1146499217
A42,P,antenna,P42,1096509616,
A43,P,antenna,P43,1096383616,1096470016
A44,P,antenna,P44,1096509616,
A45,P,antenna,P45,1096509616,
A46,P,antenna,P46,1096509616,
A47,P,antenna,P47,1096509616,
A48,P,antenna,P48,1096509616,1172539271
A49,P,antenna,P49,1096509616,
A5,P,antenna,P5,1096509616,
A50,P,antenna,P50,1096509616,
A51,P,antenna,P51,1096509616,
A52,P,antenna,P52,1096509616,
A53,P,antenna,P53,1096434016,1096520416
A54,P,antenna,P54,1096509616,
A56,P,antenna,P56,1096509616,
A57,P,antenna,P57,1096509616,
A58,P,antenna,P58,1096509616,
A59,P,antenna,P59,1096509616,
A55,P,antenna,P55,1096509616,1184354489
A80,T,antenna,S/N3,1096520416,1184354547
A6,P,antenna,P6,1096383616,1096470016
A60,P,antenna,P60,1096509616,
A61,P,antenna,P61,1096509616,
A62,P,antenna,P62,1096509616,
A63,P,antenna,P63,1096509616,
A64,P,antenna,P64,1096509616,1167580818
A65,P,antenna,P65,1096408816,1096495216
A66,P,antenna,P66,1096509616,
A67,P,antenna,P67,1096509616,
A68,P,antenna,P68,1096509616,
A69,P,antenna,P69,1096509616,
A7,P,antenna,P7,1096509616,
A70,P,antenna,P70,1096509616,
A71,P,antenna,P71,1096509616,
A72,P,antenna,P72,1096383616,1096470016
A73,P,antenna,P73,1096509616,
A74,P,antenna,P74,1096509616,
A75,P,antenna,P75,1096509616,1173298415
A76,P,antenna,P76,1096509616,
A77,P,antenna,P77,1096509616,
A78,P,antenna,P78,1096509616,
A104,T,antenna,S/N2,1096520416,1184354561
A64,T,antenna,S/N4,1167580818,1184354584
A53,T,antenna,S/N19,1096520416,1184354593
A31,T,antenna,S/N17,1096520416,1184354600
A65,T,antenna,S/N16,1096495216,1184354607
A43,T,antenna,S/N15,1096470016,1184354886
A105,T,antenna,S/N6,1096470016,1184354894
A22,T,antenna,S/N9,1096470016,1184354902
A10,T,antenna,S/N14,1096470016,1184354915
A112,T,antenna,S/N8,1096470016,1184354934
A29,T,antenna,S/N28,1172539108,1184355233
A48,T,antenna,S/N29,1172539271,1184355248
A18,T,antenna,S/N27,1170144018,1184355259
A33,T,antenna,S/N21,1170144018,1184355275
A16,T,antenna,S/N26,1170144018,1184355292
A6,T,antenna,S/N22,1096470016,1184355307
A19,T,antenna,S/N34,1177641109,1184355369
A75,T,antenna,S/N31,1173298415,1184355379
A107,T,antenna,S/N20,1170144018,1184355403
A127,T,antenna,S/N24,1170144018,1184355419
A35,T,antenna,S/N25,1170144018,1184355425
A79,P,antenna,P79,1096509616,
A8,P,antenna,P8,1096509616,1173298495
A80,P,antenna,P80,1096434016,1096520416
A81,P,antenna,P81,1096383616,1096470016
A82,P,antenna,P82,1096509616,
A83,P,antenna,P83,1096509616,
A84,P,antenna,P84,1096509616,
A85,P,antenna,P85,1096509616,
A86,P,antenna,P86,1096509616,
A87,P,antenna,P87,1096509616,
A88,P,antenna,P88,1096408816,1096495216
A89,P,antenna,P89,1096383616,1096470016
A9,P,antenna,P9,1096408816,1096495216
A90,P,antenna,P90,1096509616,
A91,P,antenna,P91,1096509616,1173298456
A92,P,antenna,P92,1096509616,1172694262
A93,P,antenna,P93,1096509616,
A94,P,antenna,P94,1096509616,
A95,P,antenna,P95,1096509616,
A96,P,antenna,P96,1096434016,1096520416
A97,P,antenna,P97,1096383616,1096470016
A98,P,antenna,P98,1096509616,
A99,P,antenna,P99,1096509616,
C7F0,A,cable_feed75,P0,1096509616,
C7F1,A,cable_feed75,P1,1096509616,
C7F10,A,cable_feed75,P10,1096509616,
C7F100,A,cable_feed75,P100,1096509616,
C7F101,A,cable_feed75,P101,1096509616,
C7F102,A,cable_feed75,P102,1096509616,
C7F103,A,cable_feed75,P103,1096509616,
C7F104,A,cable_feed75,P104,1096509616,
C7F105,A,cable_feed75,P105,1096509616,
C7F106,A,cable_feed75,P106,1096509616,
C7F107,A,cable_feed75,P107,1096509616,
C7F108,A,cable_feed75,P108,1096509616,
C7F109,A,cable_feed75,P109,1096509616,
C7F11,A,cable_feed75,P11,1096509616,
C7F110,A,cable_feed75,P110,1096509616,
C7F111,A,cable_feed75,P111,1096509616,
C7F112,A,cable_feed75,P112,1096509616,
C7F113,A,cable_feed75,P113,1096509616,
C7F114,A,cable_feed75,P114,1096509616,
C7F115,A,cable_feed75,P115,1096509616,
C7F116,A,cable_feed75,P116,1096509616,
C7F117,A,cable_feed75,P117,1096509616,
C7F118,A,cable_feed75,P118,1096509616,
C7F119,A,cable_feed75,P119,1096509616,
C7F12,A,cable_feed75,P12,1096509616,
C7F120,A,cable_feed75,P120,1096509616,
C7F121,A,cable_feed75,P121,1096509616,
C7F122,A,cable_feed75,P122,1096509616,
C7F123,A,cable_feed75,P123,1096509616,
C7F124,A,cable_feed75,P124,1096509616,
C7F125,A,cable_feed75,P125,1096509616,
C7F126,A,cable_feed75,P126,1096509616,
C7F127,A,cable_feed75,P127,1096509616,
C7F13,A,cable_feed75,P13,1096509616,
C7F14,A,cable_feed75,P14,1096509616,
C7F15,A,cable_feed75,P15,1096509616,
C7F16,A,cable_feed75,P16,1096509616,
C7F17,A,cable_feed75,P17,1096509616,
C7F18,A,cable_feed75,P18,1096509616,
C7F19,A,cable_feed75,P19,1096509616,
C7F2,A,cable_feed75,P2,1096509616,
C7F20,A,cable_feed75,P20,1096509616,
C7F21,A,cable_feed75,P21,1096509616,
C7F22,A,cable_feed75,P22,1096509616,
C7F23,A,cable_feed75,P23,1096509616,
C7F24,A,cable_feed75,P24,1096509616,
C7F25,A,cable_feed75,P25,1096509616,
C7F26,A,cable_feed75,P26,1096509616,
C7F27,A,cable_feed75,P27,1096509616,
C7F28,A,cable_feed75,P28,1096509616,
C7F29,A,cable_feed75,P29,1096509616,
C7F3,A,cable_feed75,P3,1096509616,
C7F30,A,cable_feed75,P30,1096509616,
C7F31,A,cable_feed75,P31,1096509616,
C7F32,A,cable_feed75,P32,1096509616,
C7F33,A,cable_feed75,P33,1096509616,
C7F34,A,cable_feed75,P34,1096509616,
C7F35,A,cable_feed75,P35,1096509616,
C7F36,A,cable_feed75,P36,1096509616,
C7F37,A,cable_feed75,P37,1096509616,
C7F38,A,cable_feed75,P38,1096509616,
C7F39,A,cable_feed75,P39,1096509616,
C7F4,A,cable_feed75,P4,1096509616,
C7F40,A,cable_feed75,P40,1096509616,
C7F41,A,cable_feed75,P41,1096509616,
C7F42,A,cable_feed75,P42,1096509616,
C7F43,A,cable_feed75,P43,1096509616,
C7F44,A,cable_feed75,P44,1096509616,
C7F45,A,cable_feed75,P45,1096509616,
C7F46,A,cable_feed75,P46,1096509616,
C7F47,A,cable_feed75,P47,1096509616,
C7F48,A,cable_feed75,P48,1096509616,
C7F49,A,cable_feed75,P49,1096509616,
C7F5,A,cable_feed75,P5,1096509616,
C7F50,A,cable_feed75,P50,1096509616,
C7F51,A,cable_feed75,P51,1096509616,
C7F52,A,cable_feed75,P52,1096509616,
C7F53,A,cable_feed75,P53,1096509616,
C7F54,A,cable_feed75,P54,1096509616,
C7F55,A,cable_feed75,P55,1096509616,
C7F56,A,cable_feed75,P56,1096509616,
C7F57,A,cable_feed75,P57,1096509616,
C7F58,A,cable_feed75,P58,1096509616,
C7F59,A,cable_feed75,P59,1096509616,
C7F6,A,cable_feed75,P6,1096509616,
C7F60,A,cable_feed75,P60,1096509616,
C7F61,A,cable_feed75,P61,1096509616,
C7F62,A,cable_feed75,P62,1096509616,
C7F63,A,cable_feed75,P63,1096509616,
C7F64,A,cable_feed75,P64,1096509616,
A96,T,antenna,S/N1,1096520416,1184354570
A88,T,antenna,S/N5,1096495216,1184354613
A9,T,antenna,S/N18,1096495216,1184354863
A89,T,antenna,S/N13,1096470016,1184354880
A81,T,antenna,S/N10,1096470016,1184354908
A8,T,antenna,S/N32,1173298495,1184355319
A92,T,antenna,S/N33,1172694262,1184355327
A91,T,antenna,S/N35,1173298456,1184355388
C7F65,A,cable_feed75,P65,1096509616,
C7F66,A,cable_feed75,P66,1096509616,
C7F67,A,cable_feed75,P67,1096509616,
C7F68,A,cable_feed75,P68,1096509616,
C7F69,A,cable_feed75,P69,1096509616,
C7F7,A,cable_feed75,P7,1096509616,
C7F70,A,cable_feed75,P70,1096509616,
C7F71,A,cable_feed75,P71,1096509616,
C7F72,A,cable_feed75,P72,1096509616,
C7F73,A,cable_feed75,P73,1096509616,
C7F74,A,cable_feed75,P74,1096509616,
C7F75,A,cable_feed75,P75,1096509616,
C7F76,A,cable_feed75,P76,1096509616,
C7F77,A,cable_feed75,P77,1096509616,
C7F78,A,cable_feed75,P78,1096509616,
C7F79,A,cable_feed75,P79,1096509616,
C7F8,A,cable_feed75,P8,1096509616,
C7F80,A,cable_feed75,P80,1096509616,
C7F81,A,cable_feed75,P81,1096509616,
C7F82,A,cable_feed75,P82,1096509616,
C7F83,A,cable_feed75,P83,1096509616,
C7F84,A,cable_feed75,P84,1096509616,
C7F85,A,cable_feed75,P85,1096509616,
C7F86,A,cable_feed75,P86,1096509616,
C7F87,A,cable_feed75,P87,1096509616,
C7F88,A,cable_feed75,P88,1096509616,
C7F89,A,cable_feed75,P89,1096509616,
C7F9,A,cable_feed75,P9,1096509616,
C7F90,A,cable_feed75,P90,1096509616,
C7F91,A,cable_feed75,P91,1096509616,
C7F92,A,cable_feed75,P92,1096509616,
C7F93,A,cable_feed75,P93,1096509616,
C7F94,A,cable_feed75,P94,1096509616,
C7F95,A,cable_feed75,P95,1096509616,
C7F96,A,cable_feed75,P96,1096509616,
C7F97,A,cable_feed75,P97,1096509616,
C7F98,A,cable_feed75,P98,1096509616,
C7F99,A,cable_feed75,P99,1096509616,
CC1R1C1,A,cable_container,CBLC1R1C1,1096509616,
CC1R1C2,A,cable_container,CBLC1R1C2,1096509616,
CC1R1C3,A,cable_container,CBLC1R1C3,1096509616,
CC1R1C4,A,cable_container,CBLC1R1C4,1096509616,
CC1R1C5,A,cable_container,CBLC1R1C5,1096509616,
CC1R1C6,A,cable_container,CBLC1R1C6,1096509616,
CC1R1C7,A,cable_container,CBLC1R1C7,1096509616,
CC1R1C8,A,cable_container,CBLC1R1C8,1096509616,
CC1R2C1,A,cable_container,CBLC1R2C1,1096509616,
CC1R2C2,A,cable_container,CBLC1R2C2,1096509616,
CC1R2C3,A,cable_container,CBLC1R2C3,1096509616,
CC1R2C4,A,cable_container,CBLC1R2C4,1096509616,
CC1R2C5,A,cable_container,CBLC1R2C5,1096509616,
CC1R2C6,A,cable_container,CBLC1R2C6,1096509616,
CC1R2C7,A,cable_container,CBLC1R2C7,1096509616,
CC1R2C8,A,cable_container,CBLC1R2C8,1096509616,
CC1R3C1,A,cable_container,CBLC1R3C1,1096509616,
CC1R3C2,A,cable_container,CBLC1R3C2,1096509616,
CC1R3C3,A,cable_container,CBLC1R3C3,1096509616,
CC1R3C4,A,cable_container,CBLC1R3C4,1096509616,
CC1R3C5,A,cable_container,CBLC1R3C5,1096509616,
CC1R3C6,A,cable_container,CBLC1R3C6,1096509616,
CC1R3C7,A,cable_container,CBLC1R3C7,1096509616,
CC1R3C8,A,cable_container,CBLC1R3C8,1096509616,
CC1R4C1,A,cable_container,CBLC1R4C1,1096509616,
CC1R4C2,A,cable_container,CBLC1R4C2,1096509616,
CC1R4C3,A,cable_container,CBLC1R4C3,1096509616,
CC1R4C4,A,cable_container,CBLC1R4C4,1096509616,
CC1R4C5,A,cable_container,CBLC1R4C5,1096509616,
CC1R4C6,A,cable_container,CBLC1R4C6,1096509616,
CC1R4C7,A,cable_container,CBLC1R4C7,1096509616,
CC1R4C8,A,cable_container,CBLC1R4C8,1096509616,
CC1R5C1,A,cable_container,CBLC1R5C1,1096509616,
CC1R5C2,A,cable_container,CBLC1R5C2,1096509616,
CC1R5C3,A,cable_container,CBLC1R5C3,1096509616,
CC1R5C4,A,cable_container,CBLC1R5C4,1096509616,
CC1R5C5,A,cable_container,CBLC1R5C5,1096509616,
CC1R5C6,A,cable_container,CBLC1R5C6,1096509616,
CC1R5C7,A,cable_container,CBLC1R5C7,1096509616,
CC1R5C8,A,cable_container,CBLC1R5C8,1096509616,
CC1R6C1,A,cable_container,CBLC1R6C1,1096509616,
CC1R6C2,A,cable_container,CBLC1R6C2,1096509616,
CC1R6C3,A,cable_container,CBLC1R6C3,1096509616,
CC1R6C4,A,cable_container,CBLC1R6C4,1096509616,
CC1R6C5,A,cable_container,CBLC1R6C5,1096509616,
CC1R6C6,A,cable_container,CBLC1R6C6,1096509616,
CC1R6C7,A,cable_container,CBLC1R6C7,1096509616,
CC1R6C8,A,cable_container,CBLC1R6C8,1096509616,
CC2R1C1,A,cable_container,CBLC2R1C1,1096509616,
CC2R1C2,A,cable_container,CBLC2R1C2,1096509616,
CC2R1C3,A,cable_container,CBLC2R1C3,1096509616,
CC2R1C4,A,cable_container,CBLC2R1C4,1096509616,
CC2R1C5,A,cable_container,CBLC2R1C5,1096509616,
CC2R1C6,A,cable_container,CBLC2R1C6,1096509616,
CC2R1C7,A,cable_container,CBLC2R1C7,1096509616,
CC2R1C8,A,cable_container,CBLC2R1C8,1096509616,
CC2R2C1,A,cable_container,CBLC2R2C1,1096509616,
CC2R2C2,A,cable_container,CBLC2R2C2,1096509616,
CC2R2C3,A,cable_container,CBLC2R2C3,1096509616,
CC2R2C4,A,cable_container,CBLC2R2C4,1096509616,
CC2R2C5,A,cable_container,CBLC2R2C5,1096509616,
CC2R2C6,A,cable_container,CBLC2R2C6,1096509616,
CC2R2C7,A,cable_container,CBLC2R2C7,1096509616,
CC2R2C8,A,cable_container,CBLC2R2C8,1096509616,
CC2R3C1,A,cable_container,CBLC2R3C1,1096509616,
CC2R3C2,A,cable_container,CBLC2R3C2,1096509616,
CC2R3C3,A,cable_container,CBLC2R3C3,1096509616,
CC2R3C4,A,cable_container,CBLC2R3C4,1096509616,
CC2R3C5,A,cable_container,CBLC2R3C5,1096509616,
CC2R3C6,A,cable_container,CBLC2R3C6,1096509616,
CC2R3C7,A,cable_container,CBLC2R3C7,1096509616,
CC2R3C8,A,cable_container,CBLC2R3C8,1096509616,
CC2R4C1,A,cable_container,CBLC2R4C1,1096509616,
CC2R4C2,A,cable_container,CBLC2R4C2,1096509616,
CC2R4C3,A,cable_container,CBLC2R4C3,1096509616,
CC2R4C4,A,cable_container,CBLC2R4C4,1096509616,
CC2R4C5,A,cable_container,CBLC2R4C5,1096509616,
CC2R4C6,A,cable_container,CBLC2R4C6,1096509616,
CC2R4C7,A,cable_container,CBLC2R4C7,1096509616,
CC2R4C8,A,cable_container,CBLC2R4C8,1096509616,
CC2R5C1,A,cable_container,CBLC2R5C1,1096509616,
CC2R5C2,A,cable_container,CBLC2R5C2,1096509616,
CC2R5C3,A,cable_container,CBLC2R5C3,1096509616,
CC2R5C4,A,cable_container,CBLC2R5C4,1096509616,
CC2R5C5,A,cable_container,CBLC2R5C5,1096509616,
CC2R5C6,A,cable_container,CBLC2R5C6,1096509616,
CC2R5C7,A,cable_container,CBLC2R5C7,1096509616,
CC2R6C1,A,cable_container,CBLC2R6C1,1096509616,
CC2R6C2,A,cable_container,CBLC2R6C2,1096509616,
CC2R6C3,A,cable_container,CBLC2R6C3,1096509616,
CC2R6C4,A,cable_container,CBLC2R6C4,1096509616,
CC2R6C5,A,cable_container,CBLC2R6C5,1096509616,
CC2R6C6,A,cable_container,CBLC2R6C6,1096509616,
CC2R6C7,A,cable_container,CBLC2R6C7,1096509616,
CC3R1C1,A,cable_container,CBLC3R1C1,1096509616,
CC3R1C2,A,cable_container,CBLC3R1C2,1096509616,
CC3R1C3,A,cable_container,CBLC3R1C3,1096509616,
CC3R1C4,A,cable_container,CBLC3R1C4,1096509616,
CC3R1C5,A,cable_container,CBLC3R1C5,1096509616,
CC3R1C6,A,cable_container,CBLC3R1C6,1096509616,
CC3R1C7,A,cable_container,CBLC3R1C7,1096509616,
CC3R1C8,A,cable_container,CBLC3R1C8,1096509616,
CC3R2C1,A,cable_container,CBLC3R2C1,1096509616,
CC3R2C2,A,cable_container,CBLC3R2C2,1096509616,
CC3R2C3,A,cable_container,CBLC3R2C3,1096509616,
CC3R2C4,A,cable_container,CBLC3R2C4,1096509616,
CC3R2C5,A,cable_container,CBLC3R2C5,1096509616,
CC3R2C6,A,cable_container,CBLC3R2C6,1096509616,
CC3R2C7,A,cable_container,CBLC3R2C7,1096509616,
CC3R2C8,A,cable_container,CBLC3R2C8,1096509616,
CC3R3C1,A,cable_container,CBLC3R3C1,1096509616,
CC3R3C2,A,cable_container,CBLC3R3C2,1096509616,
CC3R3C3,A,cable_container,CBLC3R3C3,1096509616,
CC3R3C4,A,cable_container,CBLC3R3C4,1096509616,
CC3R3C5,A,cable_container,CBLC3R3C5,1096509616,
CC3R3C6,A,cable_container,CBLC3R3C6,1096509616,
CC3R3C7,A,cable_container,CBLC3R3C7,1096509616,
CC3R3C8,A,cable_container,CBLC3R3C8,1096509616,
CC3R4C1,A,cable_container,CBLC3R4C1,1096509616,
CC3R4C2,A,cable_container,CBLC3R4C2,1096509616,
CC3R4C3,A,cable_container,CBLC3R4C3,1096509616,
CC3R4C4,A,cable_container,CBLC3R4C4,1096509616,
CC3R4C5,A,cable_container,CBLC3R4C5,1096509616,
CC3R4C6,A,cable_container,CBLC3R4C6,1096509616,
CC3R4C7,A,cable_container,CBLC3R4C7,1096509616,
CC3R4C8,A,cable_container,CBLC3R4C8,1096509616,
CC3R5C1,A,cable_container,CBLC3R5C1,1096509616,
CC3R5C2,A,cable_container,CBLC3R5C2,1096509616,
CC3R5C3,A,cable_container,CBLC3R5C3,1096509616,
CC3R5C4,A,cable_container,CBLC3R5C4,1096509616,
CC3R5C5,A,cable_container,CBLC3R5C5,1096509616,
CC3R5C6,A,cable_container,CBLC3R5C6,1096509616,
CC3R5C7,A,cable_container,CBLC3R5C7,1096509616,
CC3R5C8,A,cable_container,CBLC3R5C8,1096509616,
CC3R6C1,A,cable_container,CBLC3R6C1,1096509616,
CC3R6C2,A,cable_container,CBLC3R6C2,1096509616,
CC3R6C3,A,cable_container,CBLC3R6C3,1096509616,
CC3R6C4,A,cable_container,CBLC3R6C4,1096509616,
CC3R6C5,A,cable_container,CBLC3R6C5,1096509616,
CC3R6C6,A,cable_container,CBLC3R6C6,1096509616,
CC3R6C7,A,cable_container,CBLC3R6C7,1096509616,
CC3R6C8,A,cable_container,CBLC3R6C8,1096509616,
CC4R1C1,A,cable_container,CBLC4R1C1,1096509616,
CC4R1C2,A,cable_container,CBLC4R1C2,1096509616,
CC4R1C3,A,cable_container,CBLC4R1C3,1096509616,
CC4R1C4,A,cable_container,CBLC4R1C4,1096509616,
CC4R1C5,A,cable_container,CBLC4R1C5,1096509616,
CC4R1C6,A,cable_container,CBLC4R1C6,1096509616,
CC4R1C7,A,cable_container,CBLC4R1C7,1096509616,
CC4R1C8,A,cable_container,CBLC4R1C8,1096509616,
CC4R2C1,A,cable_container,CBLC4R2C1,1096509616,
CC4R2C2,A,cable_container,CBLC4R2C2,1096509616,
CC4R2C3,A,cable_container,CBLC4R2C3,1096509616,
CC4R2C4,A,cable_container,CBLC4R2C4,1096509616,
CC4R2C5,A,cable_container,CBLC4R2C5,1096509616,
CC4R2C6,A,cable_container,CBLC4R2C6,1096509616,
CC4R2C7,A,cable_container,CBLC4R2C7,1096509616,
CC4R2C8,A,cable_container,CBLC4R2C8,1096509616,
CC4R3C1,A,cable_container,CBLC4R3C1,1096509616,
CC4R3C2,A,cable_container,CBLC4R3C2,1096509616,
CC4R3C3,A,cable_container,CBLC4R3C3,1096509616,
CC4R3C4,A,cable_container,CBLC4R3C4,1096509616,
CC4R3C5,A,cable_container,CBLC4R3C5,1096509616,
CC4R3C6,A,cable_container,CBLC4R3C6,1096509616,
CC4R3C7,A,cable_container,CBLC4R3C7,1096509616,
CC4R3C8,A,cable_container,CBLC4R3C8,1096509616,
CC4R4C1,A,cable_container,CBLC4R4C1,1096509616,
CC4R4C2,A,cable_container,CBLC4R4C2,1096509616,
CC4R4C3,A,cable_container,CBLC4R4C3,1096509616,
CC4R4C4,A,cable_container,CBLC4R4C4,1096509616,
CC4R4C5,A,cable_container,CBLC4R4C5,1096509616,
CC4R4C6,A,cable_container,CBLC4R4C6,1096509616,
CC4R4C7,A,cable_container,CBLC4R4C7,1096509616,
CC4R4C8,A,cable_container,CBLC4R4C8,1096509616,
CC4R5C1,A,cable_container,CBLC4R5C1,1096509616,
CC4R5C2,A,cable_container,CBLC4R5C2,1096509616,
CC4R5C3,A,cable_container,CBLC4R5C3,1096509616,
CC4R5C4,A,cable_container,CBLC4R5C4,1096509616,
CC4R5C5,A,cable_container,CBLC4R5C5,1096509616,
CC4R5C6,A,cable_container,CBLC4R5C6,1096509616,
CC4R5C7,A,cable_container,CBLC4R5C7,1096509616,
CC4R5C8,A,cable_container,CBLC4R5C8,1096509616,
CC4R6C1,A,cable_container,CBLC4R6C1,1096509616,
CC4R6C2,A,cable_container,CBLC4R6C2,1096509616,
CC4R6C3,A,cable_container,CBLC4R6C3,1096509616,
CC4R6C4,A,cable_container,CBLC4R6C4,1096509616,
CC4R6C5,A,cable_container,CBLC4R6C5,1096509616,
CC4R6C6,A,cable_container,CBLC4R6C6,1096509616,
CC4R6C7,A,cable_container,CBLC4R6C7,1096509616,
CC4R6C8,A,cable_container,CBLC4R6C8,1096509616,
CC5R1C1,A,cable_container,CBLC5R1C1,1096509616,
CC5R1C2,A,cable_container,CBLC5R1C2,1096509616,
CC5R1C3,A,cable_container,CBLC5R1C3,1096509616,
CC5R1C4,A,cable_container,CBLC5R1C4,1096509616,
CC5R1C5,A,cable_container,CBLC5R1C5,1096509616,
CC5R1C6,A,cable_container,CBLC5R1C6,1096509616,
CC5R1C7,A,cable_container,CBLC5R1C7,1096509616,
CC5R1C8,A,cable_container,CBLC5R1C8,1096509616,
CC5R2C1,A,cable_container,CBLC5R2C1,1096509616,
CC5R2C2,A,cable_container,CBLC5R2C2,1096509616,
CC5R2C3,A,cable_container,CBLC5R2C3,1096509616,
CC5R2C4,A,cable_container,CBLC5R2C4,1096509616,
CC5R2C5,A,cable_container,CBLC5R2C5,1096509616,
CC5R2C6,A,cable_container,CBLC5R2C6,1096509616,
CC5R2C7,A,cable_container,CBLC5R2C7,1096509616,
CC5R2C8,A,cable_container,CBLC5R2C8,1096509616,
CC5R3C1,A,cable_container,CBLC5R3C1,1096509616,
CC5R3C2,A,cable_container,CBLC5R3C2,1096509616,
CC5R3C3,A,cable_container,CBLC5R3C3,1096509616,
CC5R3C4,A,cable_container,CBLC5R3C4,1096509616,
CC5R3C5,A,cable_container,CBLC5R3C5,1096509616,
CC5R3C6,A,cable_container,CBLC5R3C6,1096509616,
CC5R3C7,A,cable_container,CBLC5R3C7,1096509616,
CC5R3C8,A,cable_container,CBLC5R3C8,1096509616,
CC5R4C1,A,cable_container,CBLC5R4C1,1096509616,
CC5R4C2,A,cable_container,CBLC5R4C2,1096509616,
CC5R4C3,A,cable_container,CBLC5R4C3,1096509616,
CC5R4C4,A,cable_container,CBLC5R4C4,1096509616,
CC5R4C5,A,cable_container,CBLC5R4C5,1096509616,
CC5R4C6,A,cable_container,CBLC5R4C6,1096509616,
CC5R4C7,A,cable_container,CBLC5R4C7,1096509616,
CC5R4C8,A,cable_container,CBLC5R4C8,1096509616,
CC5R5C1,A,cable_container,CBLC5R5C1,1096509616,
CC5R5C2,A,cable_container,CBLC5R5C2,1096509616,
CC5R5C3,A,cable_container,CBLC5R5C3,1096509616,
CC5R5C4,A,cable_container,CBLC5R5C4,1096509616,
CC5R5C5,A,cable_container,CBLC5R5C5,1096509616,
CC5R5C6,A,cable_container,CBLC5R5C6,1096509616,
CC5R5C7,A,cable_container,CBLC5R5C7,1096509616,
CC5R5C8,A,cable_container,CBLC5R5C8,1096509616,
CC5R6C1,A,cable_container,CBLC5R6C1,1096509616,
CC5R6C2,A,cable_container,CBLC5R6C2,1096509616,
CC5R6C3,A,cable_container,CBLC5R6C3,1096509616,
CC5R6C4,A,cable_container,CBLC5R6C4,1096509616,
CC5R6C5,A,cable_container,CBLC5R6C5,1096509616,
CC5R6C6,A,cable_container,CBLC5R6C6,1096509616,
CC5R6C7,A,cable_container,CBLC5R6C7,1096509616,
CC5R6C8,A,cable_container,CBLC5R6C8,1096509616,
CC6R1C1,A,cable_container,CBLC6R1C1,1096509616,
CC6R1C2,A,cable_container,CBLC6R1C2,1096509616,
CC6R1C3,A,cable_container,CBLC6R1C3,1096509616,
CC6R1C4,A,cable_container,CBLC6R1C4,1096509616,
CC6R1C5,A,cable_container,CBLC6R1C5,1096509616,
CC6R1C6,A,cable_container,CBLC6R1C6,1096509616,
CC6R1C7,A,cable_container,CBLC6R1C7,1096509616,
CC6R1C8,A,cable_container,CBLC6R1C8,1096509616,
CC6R2C1,A,cable_container,CBLC6R2C1,1096509616,
CC6R2C2,A,cable_container,CBLC6R2C2,1096509616,
CC6R2C3,A,cable_container,CBLC6R2C3,1096509616,
CC6R2C4,A,cable_container,CBLC6R2C4,1096509616,
CC6R2C5,A,cable_container,CBLC6R2C5,1096509616,
CC6R2C6,A,cable_container,CBLC6R2C6,1096509616,
CC6R2C7,A,cable_container,CBLC6R2C7,1096509616,
CC6R2C8,A,cable_container,CBLC6R2C8,1096509616,
CR1A1E,A,cable_receiverator_e,CBLR1A1E,1096509616,
CR1A1N,A,cable_receiverator_n,CBLR1A1N,1096509616,
CR1A2E,A,cable_receiverator_e,CBLR1A2E,1096509616,
CR1A2N,A,cable_receiverator_n,CBLR1A2N,1096509616,
CR1A3E,A,cable_receiverator_e,CBLR1A3E,1096509616,
CR1A3N,A,cable_receiverator_n,CBLR1A3N,1096509616,
CR1A4E,A,cable_receiverator_e,CBLR1A4E,1096509616,
CR1A4N,A,cable_receiverator_n,CBLR1A4N,1096509616,
CR1A5E,A,cable_receiverator_e,CBLR1A5E,1096509616,
CR1A5N,A,cable_receiverator_n,CBLR1A5N,1096509616,
CR1A6E,A,cable_receiverator_e,CBLR1A6E,1096509616,
CR1A6N,A,cable_receiverator_n,CBLR1A6N,1096509616,
CR1A7E,A,cable_receiverator_e,CBLR1A7E,1096509616,
CR1A7N,A,cable_receiverator_n,CBLR1A7N,1096509616,
CR1A8E,A,cable_receiverator_e,CBLR1A8E,1096509616,
CR1A8N,A,cable_receiverator_n,CBLR1A8N,1096509616,
CR1B1E,A,cable_receiverator_e,CBLR1B1E,1096509616,
CR1B1N,A,cable_receiverator_n,CBLR1B1N,1096509616,
CR1B2E,A,cable_receiverator_e,CBLR1B2E,1096509616,
CR1B2N,A,cable_receiverator_n,CBLR1B2N,1096509616,
CR1B3E,A,cable_receiverator_e,CBLR1B3E,1096509616,
CR1B3N,A,cable_receiverator_n,CBLR1B3N,1096509616,
CR1B4E,A,cable_receiverator_e,CBLR1B4E,1096509616,
CR1B4N,A,cable_receiverator_n,CBLR1B4N,1096509616,
CR1B5E,A,cable_receiverator_e,CBLR1B5E,1096509616,
CR1B5N,A,cable_receiverator_n,CBLR1B5N,1096509616,
CR1B6E,A,cable_receiverator_e,CBLR1B6E,1096509616,
CR1B6N,A,cable_receiverator_n,CBLR1B6N,1096509616,
CR1B7E,A,cable_receiverator_e,CBLR1B7E,1096509616,
CR1B7N,A,cable_receiverator_n,CBLR1B7N,1096509616,
CR1B8E,A,cable_receiverator_e,CBLR1B8E,1096509616,
SE7,A,station,P6,1096509616,
CR1B8N,A,cable_receiverator_n,CBLR1B8N,1096509616,
CR2A1E,A,cable_receiverator_e,CBLR2A1E,1096509616,
CR2A1N,A,cable_receiverator_n,CBLR2A1N,1096509616,
CR2A2E,A,cable_receiverator_e,CBLR2A2E,1096509616,
CR2A2N,A,cable_receiverator_n,CBLR2A2N,1096509616,
CR2A3E,A,cable_receiverator_e,CBLR2A3E,1096509616,
CR2A3N,A,cable_receiverator_n,CBLR2A3N,1096509616,
CR2A4E,A,cable_receiverator_e,CBLR2A4E,1096509616,
CR2A4N,A,cable_receiverator_n,CBLR2A4N,1096509616,
CR2A5E,A,cable_receiverator_e,CBLR2A5E,1096509616,
CR2A5N,A,cable_receiverator_n,CBLR2A5N,1096509616,
CR2A6E,A,cable_receiverator_e,CBLR2A6E,1096509616,
CR2A6N,A,cable_receiverator_n,CBLR2A6N,1096509616,
CR2A7E,A,cable_receiverator_e,CBLR2A7E,1096509616,
CR2A7N,A,cable_receiverator_n,CBLR2A7N,1096509616,
CR2A8E,A,cable_receiverator_e,CBLR2A8E,1096509616,
CR2A8N,A,cable_receiverator_n,CBLR2A8N,1096509616,
CR2B1E,A,cable_receiverator_e,CBLR2B1E,1096509616,
CR2B1N,A,cable_receiverator_n,CBLR2B1N,1096509616,
CR2B2E,A,cable_receiverator_e,CBLR2B2E,1096509616,
CR2B2N,A,cable_receiverator_n,CBLR2B2N,1096509616,
CR2B3E,A,cable_receiverator_e,CBLR2B3E,1096509616,
CR2B3N,A,cable_receiverator_n,CBLR2B3N,1096509616,
CR2B4E,A,cable_receiverator_e,CBLR2B4E,1096509616,
CR2B4N,A,cable_receiverator_n,CBLR2B4N,1096509616,
CR2B5E,A,cable_receiverator_e,CBLR2B5E,1096509616,
CR2B5N,A,cable_receiverator_n,CBLR2B5N,1096509616,
CR2B6E,A,cable_receiverator_e,CBLR2B6E,1096509616,
CR2B6N,A,cable_receiverator_n,CBLR2B6N,1096509616,
CR2B7E,A,cable_receiverator_e,CBLR2B7E,1096509616,
CR2B7N,A,cable_receiverator_n,CBLR2B7N,1096509616,
CR2B8E,A,cable_receiverator_e,CBLR2B8E,1096509616,
CR2B8N,A,cable_receiverator_n,CBLR2B8N,1096509616,
CR3A1E,A,cable_receiverator_e,CBLR3A1E,1096509616,
CR3A1N,A,cable_receiverator_n,CBLR3A1N,1096509616,
CR3A2E,A,cable_receiverator_e,CBLR3A2E,1096509616,
CR3A2N,A,cable_receiverator_n,CBLR3A2N,1096509616,
CR3A3E,A,cable_receiverator_e,CBLR3A3E,1096509616,
CR3A3N,A,cable_receiverator_n,CBLR3A3N,1096509616,
CR3A4E,A,cable_receiverator_e,CBLR3A4E,1096509616,
CR3A4N,A,cable_receiverator_n,CBLR3A4N,1096509616,
CR3A5E,A,cable_receiverator_e,CBLR3A5E,1096509616,
CR3A5N,A,cable_receiverator_n,CBLR3A5N,1096509616,
CR3A6E,A,cable_receiverator_e,CBLR3A6E,1096509616,
CR3A6N,A,cable_receiverator_n,CBLR3A6N,1096509616,
CR3A7E,A,cable_receiverator_e,CBLR3A7E,1096509616,
CR3A7N,A,cable_receiverator_n,CBLR3A7N,1096509616,
CR3A8E,A,cable_receiverator_e,CBLR3A8E,1096509616,
CR3A8N,A,cable_receiverator_n,CBLR3A8N,1096509616,
CR3B1E,A,cable_receiverator_e,CBLR3B1E,1096509616,
CR3B1N,A,cable_receiverator_n,CBLR3B1N,1096509616,
CR3B2E,A,cable_receiverator_e,CBLR3B2E,1096509616,
CR3B2N,A,cable_receiverator_n,CBLR3B2N,1096509616,
CR3B3E,A,cable_receiverator_e,CBLR3B3E,1096509616,
CR3B3N,A,cable_receiverator_n,CBLR3B3N,1096509616,
CR3B4E,A,cable_receiverator_e,CBLR3B4E,1096509616,
CR3B4N,A,cable_receiverator_n,CBLR3B4N,1096509616,
CR3B5E,A,cable_receiverator_e,CBLR3B5E,1096509616,
CR3B5N,A,cable_receiverator_n,CBLR3B5N,1096509616,
CR3B6E,A,cable_receiverator_e,CBLR3B6E,1096509616,
CR3B6N,A,cable_receiverator_n,CBLR3B6N,1096509616,
CR3B7E,A,cable_receiverator_e,CBLR3B7E,1096509616,
CR3B7N,A,cable_receiverator_n,CBLR3B7N,1096509616,
CR4A1E,A,cable_receiverator_e,CBLR4A1E,1096509616,
CR4A1N,A,cable_receiverator_n,CBLR4A1N,1096509616,
CR4A2E,A,cable_receiverator_e,CBLR4A2E,1096509616,
CR4A2N,A,cable_receiverator_n,CBLR4A2N,1096509616,
CR4A3E,A,cable_receiverator_e,CBLR4A3E,1096509616,
CR4A3N,A,cable_receiverator_n,CBLR4A3N,1096509616,
CR4A4E,A,cable_receiverator_e,CBLR4A4E,1096509616,
CR4A4N,A,cable_receiverator_n,CBLR4A4N,1096509616,
CR4A5E,A,cable_receiverator_e,CBLR4A5E,1096509616,
CR4A5N,A,cable_receiverator_n,CBLR4A5N,1096509616,
CR4A6E,A,cable_receiverator_e,CBLR4A6E,1096509616,
CR4A6N,A,cable_receiverator_n,CBLR4A6N,1096509616,
CR4A7E,A,cable_receiverator_e,CBLR4A7E,1096509616,
CR4A7N,A,cable_receiverator_n,CBLR4A7N,1096509616,
CR4A8E,A,cable_receiverator_e,CBLR4A8E,1096509616,
CR4A8N,A,cable_receiverator_n,CBLR4A8N,1096509616,
CR4B1E,A,cable_receiverator_e,CBLR4B1E,1096509616,
CR4B1N,A,cable_receiverator_n,CBLR4B1N,1096509616,
CR4B2E,A,cable_receiverator_e,CBLR4B2E,1096509616,
CR4B2N,A,cable_receiverator_n,CBLR4B2N,1096509616,
CR4B3E,A,cable_receiverator_e,CBLR4B3E,1096509616,
CR4B3N,A,cable_receiverator_n,CBLR4B3N,1096509616,
CR4B4E,A,cable_receiverator_e,CBLR4B4E,1096509616,
CR4B4N,A,cable_receiverator_n,CBLR4B4N,1096509616,
CR4B5E,A,cable_receiverator_e,CBLR4B5E,1096509616,
CR4B5N,A,cable_receiverator_n,CBLR4B5N,1096509616,
CR4B6E,A,cable_receiverator_e,CBLR4B6E,1096509616,
CR4B6N,A,cable_receiverator_n,CBLR4B6N,1096509616,
CR4B7E,A,cable_receiverator_e,CBLR4B7E,1096509616,
CR4B7N,A,cable_receiverator_n,CBLR4B7N,1096509616,
CR4B8E,A,cable_receiverator_e,CBLR4B8E,1096509616,
CR4B8N,A,cable_receiverator_n,CBLR4B8N,1096509616,
CR5A1E,A,cable_receiverator_e,CBLR5A1E,1096509616,
CR5A1N,A,cable_receiverator_n,CBLR5A1N,1096509616,
CR5A2E,A,cable_receiverator_e,CBLR5A2E,1096509616,
CR5A2N,A,cable_receiverator_n,CBLR5A2N,1096509616,
CR5A3E,A,cable_receiverator_e,CBLR5A3E,1096509616,
CR5A3N,A,cable_receiverator_n,CBLR5A3N,1096509616,
CR5A4E,A,cable_receiverator_e,CBLR5A4E,1096509616,
CR5A4N,A,cable_receiverator_n,CBLR5A4N,1096509616,
CR5A5E,A,cable_receiverator_e,CBLR5A5E,1096509616,
CR5A5N,A,cable_receiverator_n,CBLR5A5N,1096509616,
CR5A6E,A,cable_receiverator_e,CBLR5A6E,1096509616,
CR5A6N,A,cable_receiverator_n,CBLR5A6N,1096509616,
CR5A7E,A,cable_receiverator_e,CBLR5A7E,1096509616,
CR5A7N,A,cable_receiverator_n,CBLR5A7N,1096509616,
CR5A8E,A,cable_receiverator_e,CBLR5A8E,1096509616,
CR5A8N,A,cable_receiverator_n,CBLR5A8N,1096509616,
CR5B1E,A,cable_receiverator_e,CBLR5B1E,1096509616,
CR5B1N,A,cable_receiverator_n,CBLR5B1N,1096509616,
CR5B2E,A,cable_receiverator_e,CBLR5B2E,1096509616,
CR5B2N,A,cable_receiverator_n,CBLR5B2N,1096509616,
CR5B3E,A,cable_receiverator_e,CBLR5B3E,1096509616,
CR5B3N,A,cable_receiverator_n,CBLR5B3N,1096509616,
CR5B4E,A,cable_receiverator_e,CBLR5B4E,1096509616,
CR5B4N,A,cable_receiverator_n,CBLR5B4N,1096509616,
CR5B5E,A,cable_receiverator_e,CBLR5B5E,1096509616,
CR5B5N,A,cable_receiverator_n,CBLR5B5N,1096509616,
CR5B6E,A,cable_receiverator_e,CBLR5B6E,1096509616,
CR5B6N,A,cable_receiverator_n,CBLR5B6N,1096509616,
CR5B7E,A,cable_receiverator_e,CBLR5B7E,1096509616,
CR5B7N,A,cable_receiverator_n,CBLR5B7N,1096509616,
CR5B8E,A,cable_receiverator_e,CBLR5B8E,1096509616,
CR5B8N,A,cable_receiverator_n,CBLR5B8N,1096509616,
CR6A1E,A,cable_receiverator_e,CBLR6A1E,1096509616,
CR6A1N,A,cable_receiverator_n,CBLR6A1N,1096509616,
CR6A2E,A,cable_receiverator_e,CBLR6A2E,1096509616,
CR6A2N,A,cable_receiverator_n,CBLR6A2N,1096509616,
CR6A3E,A,cable_receiverator_e,CBLR6A3E,1096509616,
CR6A3N,A,cable_receiverator_n,CBLR6A3N,1096509616,
CR6A4E,A,cable_receiverator_e,CBLR6A4E,1096509616,
CR6A4N,A,cable_receiverator_n,CBLR6A4N,1096509616,
CR6A5E,A,cable_receiverator_e,CBLR6A5E,1096509616,
CR6A5N,A,cable_receiverator_n,CBLR6A5N,1096509616,
CR6A6E,A,cable_receiverator_e,CBLR6A6E,1096509616,
CR6A6N,A,cable_receiverator_n,CBLR6A6N,1096509616,
CR6A7E,A,cable_receiverator_e,CBLR6A7E,1096509616,
CR6A7N,A,cable_receiverator_n,CBLR6A7N,1096509616,
CR6A8E,A,cable_receiverator_e,CBLR6A8E,1096509616,
CR6A8N,A,cable_receiverator_n,CBLR6A8N,1096509616,
CR6B1E,A,cable_receiverator_e,CBLR6B1E,1096509616,
CR6B1N,A,cable_receiverator_n,CBLR6B1N,1096509616,
CR6B2E,A,cable_receiverator_e,CBLR6B2E,1096509616,
CR6B2N,A,cable_receiverator_n,CBLR6B2N,1096509616,
CR6B3E,A,cable_receiverator_e,CBLR6B3E,1096509616,
CR6B3N,A,cable_receiverator_n,CBLR6B3N,1096509616,
CR6B4E,A,cable_receiverator_e,CBLR6B4E,1096509616,
CR6B4N,A,cable_receiverator_n,CBLR6B4N,1096509616,
CR6B5E,A,cable_receiverator_e,CBLR6B5E,1096509616,
CR6B5N,A,cable_receiverator_n,CBLR6B5N,1096509616,
CR6B6E,A,cable_receiverator_e,CBLR6B6E,1096509616,
CR6B6N,A,cable_receiverator_n,CBLR6B6N,1096509616,
CR6B7E,A,cable_receiverator_e,CBLR6B7E,1096509616,
CR6B7N,A,cable_receiverator_n,CBLR6B7N,1096509616,
CR6B8E,A,cable_receiverator_e,CBLR6B8E,1096509616,
CR6B8N,A,cable_receiverator_n,CBLR6B8N,1096509616,
CR7A1E,A,cable_receiverator_e,CBLR7A1E,1096509616,
CR7A1N,A,cable_receiverator_n,CBLR7A1N,1096509616,
CR7A2E,A,cable_receiverator_e,CBLR7A2E,1096509616,
CR7A2N,A,cable_receiverator_n,CBLR7A2N,1096509616,
CR7A3E,A,cable_receiverator_e,CBLR7A3E,1096509616,
CR7A3N,A,cable_receiverator_n,CBLR7A3N,1096509616,
CR7A4E,A,cable_receiverator_e,CBLR7A4E,1096509616,
CR7A4N,A,cable_receiverator_n,CBLR7A4N,1096509616,
CR7A5E,A,cable_receiverator_e,CBLR7A5E,1096509616,
CR7A5N,A,cable_receiverator_n,CBLR7A5N,1096509616,
CR7A6E,A,cable_receiverator_e,CBLR7A6E,1096509616,
CR7A6N,A,cable_receiverator_n,CBLR7A6N,1096509616,
CR7A7E,A,cable_receiverator_e,CBLR7A7E,1096509616,
CR7A7N,A,cable_receiverator_n,CBLR7A7N,1096509616,
CR7A8E,A,cable_receiverator_e,CBLR7A8E,1096509616,
CR7A8N,A,cable_receiverator_n,CBLR7A8N,1096509616,
CR7B1E,A,cable_receiverator_e,CBLR7B1E,1096509616,
CR7B1N,A,cable_receiverator_n,CBLR7B1N,1096509616,
CR7B2E,A,cable_receiverator_e,CBLR7B2E,1096509616,
CR7B2N,A,cable_receiverator_n,CBLR7B2N,1096509616,
CR7B3E,A,cable_receiverator_e,CBLR7B3E,1096509616,
CR7B3N,A,cable_receiverator_n,CBLR7B3N,1096509616,
CR7B4E,A,cable_receiverator_e,CBLR7B4E,1096509616,
CR7B4N,A,cable_receiverator_n,CBLR7B4N,1096509616,
CR7B5E,A,cable_receiverator_e,CBLR7B5E,1096509616,
CR7B5N,A,cable_receiverator_n,CBLR7B5N,1096509616,
CR7B6E,A,cable_receiverator_e,CBLR7B6E,1096509616,
CR7B6N,A,cable_receiverator_n,CBLR7B6N,1096509616,
CR7B7E,A,cable_receiverator_e,CBLR7B7E,1096509616,
CR7B7N,A,cable_receiverator_n,CBLR7B7N,1096509616,
CR7B8E,A,cable_receiverator_e,CBLR7B8E,1096509616,
CR7B8N,A,cable_receiverator_n,CBLR7B8N,1096509616,
CR8A1E,A,cable_receiverator_e,CBLR8A1E,1096509616,
CR8A1N,A,cable_receiverator_n,CBLR8A1N,1096509616,
CR8A2E,A,cable_receiverator_e,CBLR8A2E,1096509616,
CR8A2N,A,cable_receiverator_n,CBLR8A2N,1096509616,
CR8A3E,A,cable_receiverator_e,CBLR8A3E,1096509616,
CR8A3N,A,cable_receiverator_n,CBLR8A3N,1096509616,
CR8A4E,A,cable_receiverator_e,CBLR8A4E,1096509616,
CR8A4N,A,cable_receiverator_n,CBLR8A4N,1096509616,
CR8A5E,A,cable_receiverator_e,CBLR8A5E,1096509616,
CR8A5N,A,cable_receiverator_n,CBLR8A5N,1096509616,
CR8A6E,A,cable_receiverator_e,CBLR8A6E,1096509616,
CR8A6N,A,cable_receiverator_n,CBLR8A6N,1096509616,
CR8A7E,A,cable_receiverator_e,CBLR8A7E,1096509616,
CR8A7N,A,cable_receiverator_n,CBLR8A7N,1096509616,
CR8A8E,A,cable_receiverator_e,CBLR8A8E,1096509616,
CR8A8N,A,cable_receiverator_n,CBLR8A8N,1096509616,
CR8B1E,A,cable_receiverator_e,CBLR8B1E,1096509616,
CR8B1N,A,cable_receiverator_n,CBLR8B1N,1096509616,
CR8B2E,A,cable_receiverator_e,CBLR8B2E,1096509616,
SE9,A,station,P52,1096509616,
CR8B2N,A,cable_receiverator_n,CBLR8B2N,1096509616,
CR8B3E,A,cable_receiverator_e,CBLR8B3E,1096509616,
CR8B3N,A,cable_receiverator_n,CBLR8B3N,1096509616,
CR8B4E,A,cable_receiverator_e,CBLR8B4E,1096509616,
CR8B4N,A,cable_receiverator_n,CBLR8B4N,1096509616,
CR8B5E,A,cable_receiverator_e,CBLR8B5E,1096509616,
CR8B5N,A,cable_receiverator_n,CBLR8B5N,1096509616,
CR8B6E,A,cable_receiverator_e,CBLR8B6E,1096509616,
CR8B6N,A,cable_receiverator_n,CBLR8B6N,1096509616,
CR8B7E,A,cable_receiverator_e,CBLR8B7E,1096509616,
CR8B7N,A,cable_receiverator_n,CBLR8B7N,1096509616,
CR8B8E,A,cable_receiverator_e,CBLR8B8E,1096509616,
CR8B8N,A,cable_receiverator_n,CBLR8B8N,1096509616,
DF1A1,A,f_engine,PF1A1,1096509616,
DF1A2,A,f_engine,PF1A2,1096509616,
DF1A3,A,f_engine,PF1A3,1096509616,
DF1A4,A,f_engine,PF1A4,1096509616,
DF1B1,A,f_engine,PF1B1,1096509616,
DF1B2,A,f_engine,PF1B2,1096509616,
DF1B3,A,f_engine,PF1B3,1096509616,
DF1B4,A,f_engine,PF1B4,1096509616,
DF1C1,A,f_engine,PF1C1,1096509616,
DF1C2,A,f_engine,PF1C2,1096509616,
DF1D1,A,f_engine,PF1D1,1096509616,
DF1D2,A,f_engine,PF1D2,1096509616,
DF1D3,A,f_engine,PF1D3,1096509616,
DF1D4,A,f_engine,PF1D4,1096509616,
DF1E1,A,f_engine,PF1E1,1096509616,
DF1E2,A,f_engine,PF1E2,1096509616,
DF1E3,A,f_engine,PF1E3,1096509616,
DF1E4,A,f_engine,PF1E4,1096509616,
DF1F1,A,f_engine,PF1F1,1096509616,
DF1F2,A,f_engine,PF1F2,1096509616,
DF1F3,A,f_engine,PF1F3,1096509616,
DF1F4,A,f_engine,PF1F4,1096509616,
DF1G1,A,f_engine,PF1G1,1096509616,
DF1G2,A,f_engine,PF1G2,1096509616,
DF1G3,A,f_engine,PF1G3,1096509616,
DF1G4,A,f_engine,PF1G4,1096509616,
DF1H1,A,f_engine,PF1H1,1096509616,
DF1H2,A,f_engine,PF1H2,1096509616,
DF1H3,A,f_engine,PF1H3,1096509616,
DF1H4,A,f_engine,PF1H4,1096509616,
DF2A1,A,f_engine,PF2A1,1096509616,
DF2A2,A,f_engine,PF2A2,1096509616,
DF2A3,A,f_engine,PF2A3,1096509616,
DF2A4,A,f_engine,PF2A4,1096509616,
DF2B1,A,f_engine,PF2B1,1096509616,
DF2B2,A,f_engine,PF2B2,1096509616,
DF2B3,A,f_engine,PF2B3,1096509616,
DF2B4,A,f_engine,PF2B4,1096509616,
DF2C1,A,f_engine,PF2C1,1096509616,
DF2C2,A,f_engine,PF2C2,1096509616,
DF2C3,A,f_engine,PF2C3,1096509616,
DF2C4,A,f_engine,PF2C4,1096509616,
DF2D1,A,f_engine,PF2D1,1096509616,
DF2D2,A,f_engine,PF2D2,1096509616,
DF2D3,A,f_engine,PF2D3,1096509616,
DF2D4,A,f_engine,PF2D4,1096509616,
DF2E1,A,f_engine,PF2E1,1096509616,
DF2E2,A,f_engine,PF2E2,1096509616,
DF2E3,A,f_engine,PF2E3,1096509616,
DF2E4,A,f_engine,PF2E4,1096509616,
DF2F1,A,f_engine,PF2F1,1096509616,
DF2F2,A,f_engine,PF2F2,1096509616,
DF2F3,A,f_engine,PF2F3,1096509616,
DF2F4,A,f_engine,PF2F4,1096509616,
DF2G1,A,f_engine,PF2G1,1096509616,
DF2G2,A,f_engine,PF2G2,1096509616,
DF2G3,A,f_engine,PF2G3,1096509616,
DF2G4,A,f_engine,PF2G4,1096509616,
DF2H1,A,f_engine,PF2H1,1096509616,
DF2H2,A,f_engine,PF2H2,1096509616,
DF2H3,A,f_engine,PF2H3,1096509616,
DF2H4,A,f_engine,PF2H4,1096509616,
DF3A1,A,f_engine,PF3A1,1096509616,
DF3A2,A,f_engine,PF3A2,1096509616,
DF3A3,A,f_engine,PF3A3,1096509616,
DF3A4,A,f_engine,PF3A4,1096509616,
DF3B1,A,f_engine,PF3B1,1096509616,
DF3B2,A,f_engine,PF3B2,1096509616,
DF3B3,A,f_engine,PF3B3,1096509616,
DF3B4,A,f_engine,PF3B4,1096509616,
DF3C1,A,f_engine,PF3C1,1096509616,
DF3C2,A,f_engine,PF3C2,1096509616,
DF3C3,A,f_engine,PF3C3,1096509616,
DF3C4,A,f_engine,PF3C4,1096509616,
DF3D1,A,f_engine,PF3D1,1096509616,
DF3D2,A,f_engine,PF3D2,1096509616,
DF3D3,A,f_engine,PF3D3,1096509616,
DF3D4,A,f_engine,PF3D4,1096509616,
DF3E1,A,f_engine,PF3E1,1096509616,
DF3E2,A,f_engine,PF3E2,1096509616,
DF3E3,A,f_engine,PF3E3,1096509616,
DF3E4,A,f_engine,PF3E4,1096509616,
DF3F1,A,f_engine,PF3F1,1096509616,
DF3F2,A,f_engine,PF3F2,1096509616,
DF3F3,A,f_engine,PF3F3,1096509616,
DF3F4,A,f_engine,PF3F4,1096509616,
DF3G1,A,f_engine,PF3G1,1096509616,
DF3G2,A,f_engine,PF3G2,1096509616,
DF3G3,A,f_engine,PF3G3,1096509616,
DF3G4,A,f_engine,PF3G4,1096509616,
DF3H1,A,f_engine,PF3H1,1096509616,
DF3H2,A,f_engine,PF3H2,1096509616,
DF3H3,A,f_engine,PF3H3,1096509616,
DF3H4,A,f_engine,PF3H4,1096509616,
DF4A1,A,f_engine,PF4A1,1096509616,
DF4A2,A,f_engine,PF4A2,1096509616,
DF4A3,A,f_engine,PF4A3,1096509616,
DF4A4,A,f_engine,PF4A4,1096509616,
DF4B1,A,f_engine,PF4B1,1096509616,
DF4B2,A,f_engine,PF4B2,1096509616,
DF4B3,A,f_engine,PF4B3,1096509616,
DF4B4,A,f_engine,PF4B4,1096509616,
DF4C1,A,f_engine,PF4C1,1096509616,
DF4C2,A,f_engine,PF4C2,1096509616,
DF4C3,A,f_engine,PF4C3,1096509616,
DF4C4,A,f_engine,PF4C4,1096509616,
DF4D1,A,f_engine,PF4D1,1096509616,
DF4D2,A,f_engine,PF4D2,1096509616,
DF4D3,A,f_engine,PF4D3,1096509616,
DF4D4,A,f_engine,PF4D4,1096509616,
DF4E1,A,f_engine,PF4E1,1096509616,
DF4E2,A,f_engine,PF4E2,1096509616,
DF4E3,A,f_engine,PF4E3,1096509616,
DF4E4,A,f_engine,PF4E4,1096509616,
DF4F1,A,f_engine,PF4F1,1096509616,
DF4F2,A,f_engine,PF4F2,1096509616,
DF4F3,A,f_engine,PF4F3,1096509616,
DF4F4,A,f_engine,PF4F4,1096509616,
DF4G1,A,f_engine,PF4G1,1096509616,
DF4G2,A,f_engine,PF4G2,1096509616,
DF4G3,A,f_engine,PF4G3,1096509616,
DF4G4,A,f_engine,PF4G4,1096509616,
DF4H1,A,f_engine,PF4H1,1096509616,
DF4H2,A,f_engine,PF4H2,1096509616,
DF4H3,A,f_engine,PF4H3,1096509616,
DF4H4,A,f_engine,PF4H4,1096509616,
DF5A1,A,f_engine,PF5A1,1096509616,
DF5A2,A,f_engine,PF5A2,1096509616,
DF5A3,A,f_engine,PF5A3,1096509616,
DF5A4,A,f_engine,PF5A4,1096509616,
DF5B1,A,f_engine,PF5B1,1096509616,
DF5B2,A,f_engine,PF5B2,1096509616,
DF5B3,A,f_engine,PF5B3,1096509616,
DF5B4,A,f_engine,PF5B4,1096509616,
DF5C1,A,f_engine,PF5C1,1096509616,
DF5C2,A,f_engine,PF5C2,1096509616,
DF5C3,A,f_engine,PF5C3,1096509616,
DF5C4,A,f_engine,PF5C4,1096509616,
DF5D1,A,f_engine,PF5D1,1096509616,
DF5D2,A,f_engine,PF5D2,1096509616,
DF5D3,A,f_engine,PF5D3,1096509616,
DF5D4,A,f_engine,PF5D4,1096509616,
DF5E1,A,f_engine,PF5E1,1096509616,
DF5E2,A,f_engine,PF5E2,1096509616,
DF5E3,A,f_engine,PF5E3,1096509616,
DF5E4,A,f_engine,PF5E4,1096509616,
DF5F1,A,f_engine,PF5F1,1096509616,
DF5F2,A,f_engine,PF5F2,1096509616,
DF5F3,A,f_engine,PF5F3,1096509616,
DF5F4,A,f_engine,PF5F4,1096509616,
DF5G1,A,f_engine,PF5G1,1096509616,
DF5G2,A,f_engine,PF5G2,1096509616,
DF5G3,A,f_engine,PF5G3,1096509616,
DF5G4,A,f_engine,PF5G4,1096509616,
DF5H1,A,f_engine,PF5H1,1096509616,
DF5H2,A,f_engine,PF5H2,1096509616,
DF5H3,A,f_engine,PF5H3,1096509616,
DF5H4,A,f_engine,PF5H4,1096509616,
DF6A1,A,f_engine,PF6A1,1096509616,
DF6A2,A,f_engine,PF6A2,1096509616,
DF6A3,A,f_engine,PF6A3,1096509616,
DF6A4,A,f_engine,PF6A4,1096509616,
DF6B1,A,f_engine,PF6B1,1096509616,
DF6B2,A,f_engine,PF6B2,1096509616,
DF6B3,A,f_engine,PF6B3,1096509616,
DF6B4,A,f_engine,PF6B4,1096509616,
DF6C1,A,f_engine,PF6C1,1096509616,
DF6C2,A,f_engine,PF6C2,1096509616,
DF6C3,A,f_engine,PF6C3,1096509616,
DF6C4,A,f_engine,PF6C4,1096509616,
DF6D1,A,f_engine,PF6D1,1096509616,
DF6D2,A,f_engine,PF6D2,1096509616,
DF6D3,A,f_engine,PF6D3,1096509616,
DF6D4,A,f_engine,PF6D4,1096509616,
DF6E1,A,f_engine,PF6E1,1096509616,
DF6E2,A,f_engine,PF6E2,1096509616,
DF6E3,A,f_engine,PF6E3,1096509616,
DF6E4,A,f_engine,PF6E4,1096509616,
DF6F1,A,f_engine,PF6F1,1096509616,
DF6F2,A,f_engine,PF6F2,1096509616,
DF6F3,A,f_engine,PF6F3,1096509616,
DF6F4,A,f_engine,PF6F4,1096509616,
DF6G1,A,f_engine,PF6G1,1096509616,
DF6G2,A,f_engine,PF6G2,1096509616,
DF6G3,A,f_engine,PF6G3,1096509616,
DF6G4,A,f_engine,PF6G4,1096509616,
DF6H1,A,f_engine,PF6H1,1096509616,
DF6H2,A,f_engine,PF6H2,1096509616,
DF6H3,A,f_engine,PF6H3,1096509616,
DF6H4,A,f_engine,PF6H4,1096509616,
DF7A1,A,f_engine,PF7A1,1096509616,
DF7A2,A,f_engine,PF7A2,1096509616,
DF7A3,A,f_engine,PF7A3,1096509616,
DF7A4,A,f_engine,PF7A4,1096509616,
DF7B1,A,f_engine,PF7B1,1096509616,
DF7B2,A,f_engine,PF7B2,1096509616,
DF7B3,A,f_engine,PF7B3,1096509616,
DF7B4,A,f_engine,PF7B4,1096509616,
DF7C1,A,f_engine,PF7C1,1096509616,
DF7C2,A,f_engine,PF7C2,1096509616,
DF7C3,A,f_engine,PF7C3,1096509616,
DF7C4,A,f_engine,PF7C4,1096509616,
DF7D1,A,f_engine,PF7D1,1096509616,
DF7D2,A,f_engine,PF7D2,1096509616,
DF7D3,A,f_engine,PF7D3,1096509616,
DF7D4,A,f_engine,PF7D4,1096509616,
DF7E1,A,f_engine,PF7E1,1096509616,
DF7E2,A,f_engine,PF7E2,1096509616,
DF7E3,A,f_engine,PF7E3,1096509616,
DF7E4,A,f_engine,PF7E4,1096509616,
DF7F1,A,f_engine,PF7F1,1096509616,
DF7F2,A,f_engine,PF7F2,1096509616,
DF7F3,A,f_engine,PF7F3,1096509616,
DF7F4,A,f_engine,PF7F4,1096509616,
DF7G1,A,f_engine,PF7G1,1096509616,
DF7G2,A,f_engine,PF7G2,1096509616,
DF7G3,A,f_engine,PF7G3,1096509616,
DF7G4,A,f_engine,PF7G4,1096509616,
DF7H1,A,f_engine,PF7H1,1096509616,
DF7H2,A,f_engine,PF7H2,1096509616,
DF7H3,A,f_engine,PF7H3,1096509616,
DF7H4,A,f_engine,PF7H4,1096509616,
DF8A1,A,f_engine,PF8A1,1096509616,
DF8A2,A,f_engine,PF8A2,1096509616,
DF8A3,A,f_engine,PF8A3,1096509616,
DF8A4,A,f_engine,PF8A4,1096509616,
DF8B1,A,f_engine,PF8B1,1096509616,
DF8B2,A,f_engine,PF8B2,1096509616,
DF8B3,A,f_engine,PF8B3,1096509616,
DF8B4,A,f_engine,PF8B4,1096509616,
DF8C1,A,f_engine,PF8C1,1096509616,
DF8C2,A,f_engine,PF8C2,1096509616,
DF8C3,A,f_engine,PF8C3,1096509616,
DF8C4,A,f_engine,PF8C4,1096509616,
DF8D1,A,f_engine,PF8D1,1096509616,
DF8D2,A,f_engine,PF8D2,1096509616,
DF8D3,A,f_engine,PF8D3,1096509616,
DF8D4,A,f_engine,PF8D4,1096509616,
DF8E1,A,f_engine,PF8E1,1096509616,
DF8E2,A,f_engine,PF8E2,1096509616,
DF8E3,A,f_engine,PF8E3,1096509616,
DF8E4,A,f_engine,PF8E4,1096509616,
DF8F1,A,f_engine,PF8F1,1096509616,
DF8F2,A,f_engine,PF8F2,1096509616,
DF8F3,A,f_engine,PF8F3,1096509616,
DF8F4,A,f_engine,PF8F4,1096509616,
DF8G1,A,f_engine,PF8G1,1096509616,
DF8G2,A,f_engine,PF8G2,1096509616,
DF8G3,A,f_engine,PF8G3,1096509616,
DF8G4,A,f_engine,PF8G4,1096509616,
DF8H1,A,f_engine,PF8H1,1096509616,
DF8H2,A,f_engine,PF8H2,1096509616,
DF8H3,A,f_engine,PF8H3,1096509616,
DF8H4,A,f_engine,PF8H4,1096509616,
FDA107,B,feed,P107,1170172818,
FDA108,B,feed,P108,1172539335,
FDA11,B,feed,P11,1170172818,
FDA127,B,feed,P127,1170172818,
FDA16,B,feed,P16,1170144018,
FDA18,B,feed,P18,1170172818,
FDA19,B,feed,P19,1177641109,
FDA29,B,feed,P29,1172539108,
FDA33,B,feed,P33,1170144018,
FDA35,B,feed,P35,1170172818,
FDA48,B,feed,P48,1172539271,
FDA6,B,feed,P6,1170172818,
FDA75,B,feed,P75,1173298415,
FDA8,B,feed,P8,1173298495,
FDA91,B,feed,P91,1173298456,
FDA92,B,feed,P92,1172694262,
FDP0,A,feed,P0,1096509616,
FDP1,A,feed,P1,1096509616,
FDP10,A,feed,P10,1096509616,1096509616
FDP100,A,feed,P100,1096509616,
FDP101,A,feed,P101,1096509616,
FDP102,A,feed,P102,1096509616,
FDP103,A,feed,P103,1096509616,
FDP104,A,feed,P104,1096509616,1096509616
FDP105,A,feed,P105,1096509616,1096509616
FDP106,A,feed,P106,1096509616,
FDP107,A,feed,P107,1096509616,1170172818
FDP108,A,feed,P108,1096509616,1172539335
FDP109,A,feed,P109,1096509616,
FDP11,A,feed,P11,1096509616,1170172818
FDP110,A,feed,P110,1096509616,
FDP111,A,feed,P111,1096509616,
FDP112,A,feed,P112,1096509616,1096509616
FDP113,A,feed,P113,1096509616,
FDP114,A,feed,P114,1096509616,
FDP115,A,feed,P115,1096509616,
FDP116,A,feed,P116,1096509616,
FDP117,A,feed,P117,1096509616,
FDP118,A,feed,P118,1096509616,
FDP119,A,feed,P119,1096509616,
FDP12,A,feed,P12,1096509616,
FDP120,A,feed,P120,1096509616,
FDP121,A,feed,P121,1096509616,
FDP122,A,feed,P122,1096509616,
FDP123,A,feed,P123,1096509616,
FDP124,A,feed,P124,1096509616,
FDP125,A,feed,P125,1096509616,
FDP126,A,feed,P126,1096509616,
FDP127,A,feed,P127,1096509616,1170172818
FDP14,A,feed,P14,1096509616,
FDP15,A,feed,P15,1096509616,
FDP16,A,feed,P16,1096509616,1170144018
FDP17,A,feed,P17,1096509616,
FDP18,A,feed,P18,1096509616,1170172818
FDP19,A,feed,P19,1096509616,1146474017
FDP2,A,feed,P2,1096509616,
FDP20,A,feed,P20,1096509616,1096509616
FDP21,A,feed,P21,1096509616,
FDP22,A,feed,P22,1096509616,1096509616
FDP23,A,feed,P23,1096509616,
FDP24,A,feed,P24,1096509616,
FDP25,A,feed,P25,1096509616,
FDP26,A,feed,P26,1096509616,
FDP27,A,feed,P27,1096509616,
FDP28,A,feed,P28,1096509616,
FDP29,A,feed,P29,1096509616,1172539108
FDP3,A,feed,P3,1096509616,
FDP30,A,feed,P30,1096509616,
FDP31,A,feed,P31,1096509616,1096509616
FDP32,A,feed,P32,1096509616,
FDP33,A,feed,P33,1096509616,1170144018
FDP34,A,feed,P34,1096509616,
FDP35,A,feed,P35,1096509616,1170172818
FDP36,A,feed,P36,1096509616,
FDP37,A,feed,P37,1096509616,
FDP38,A,feed,P38,1096509616,
FDP39,A,feed,P39,1096509616,
FDP4,A,feed,P4,1096509616,
FDP40,A,feed,P40,1096509616,
FDP41,A,feed,P41,1096509616,
FDP42,A,feed,P42,1096509616,
FDP43,A,feed,P43,1096509616,1096509616
FDP44,A,feed,P44,1096509616,
FDP45,A,feed,P45,1096509616,
FDP46,A,feed,P46,1096509616,
FDP47,A,feed,P47,1096509616,
FDP48,A,feed,P48,1096509616,1172539271
FDP49,A,feed,P49,1096509616,
FDP5,A,feed,P5,1096509616,
FDP50,A,feed,P50,1096509616,
FDP51,A,feed,P51,1096509616,
FDP52,A,feed,P52,1096509616,
FDP53,A,feed,P53,1096509616,1096509616
FDP54,A,feed,P54,1096509616,
FDP56,A,feed,P56,1096509616,
FDP57,A,feed,P57,1096509616,
FDP58,A,feed,P58,1096509616,
FDP59,A,feed,P59,1096509616,
FDP6,A,feed,P6,1096509616,1170172818
FDP60,A,feed,P60,1096509616,
FDP61,A,feed,P61,1096509616,
FDP62,A,feed,P62,1096509616,
FDP63,A,feed,P63,1096509616,
FDP64,A,feed,P64,1096509616,1096509616
FDP65,A,feed,P65,1096509616,1096509616
FDP66,A,feed,P66,1096509616,
FDP67,A,feed,P67,1096509616,
FDP68,A,feed,P68,1096509616,
FDP69,A,feed,P69,1096509616,
FDP7,A,feed,P7,1096509616,
FDP70,A,feed,P70,1096509616,
FDP71,A,feed,P71,1096509616,
FDP72,A,feed,P72,1096509616,1096509616
FDP73,A,feed,P73,1096509616,
FDP55,A,feed,P55,1096509616,1184354489
FDA80,A,feed,P80,1096509616,1184354547
FDA96,A,feed,P96,1096509616,1184354570
FDA64,A,feed,P64,1096509616,1184354584
FDA53,A,feed,P53,1096509616,1184354593
FDA31,A,feed,P31,1096509616,1184354600
FDA88,A,feed,P88,1096509616,1184354613
FDA9,A,feed,P9,1096509616,1184354863
FDA20,A,feed,P20,1096509616,1184354874
FDA89,A,feed,P89,1096509616,1184354880
FDA43,A,feed,P43,1096509616,1184354886
FDA22,A,feed,P22,1096509616,1184354902
FDA81,A,feed,P81,1096509616,1184354908
FDA72,A,feed,P72,1096509616,1184354924
FDA112,A,feed,P112,1096509616,1184354934
FDA97,A,feed,P97,1096509616,1184355008
FDP74,A,feed,P74,1096509616,
FDP75,A,feed,P75,1096509616,1173298415
FDP76,A,feed,P76,1096509616,
FDP77,A,feed,P77,1096509616,
FDP78,A,feed,P78,1096509616,
FDP79,A,feed,P79,1096509616,
FDP8,A,feed,P8,1096509616,1173298495
FDP80,A,feed,P80,1096509616,1096509616
FDP81,A,feed,P81,1096509616,1096509616
FDP82,A,feed,P82,1096509616,
FDP83,A,feed,P83,1096509616,
FDP84,A,feed,P84,1096509616,
FDP85,A,feed,P85,1096509616,
FDP86,A,feed,P86,1096509616,
FDP87,A,feed,P87,1096509616,
FDP88,A,feed,P88,1096509616,1096509616
FDP89,A,feed,P89,1096509616,1096509616
FDP9,A,feed,P9,1096509616,1096509616
FDP90,A,feed,P90,1096509616,
FDP91,A,feed,P91,1096509616,1173298456
FDP92,A,feed,P92,1096509616,1172694262
FDP93,A,feed,P93,1096509616,
FDP94,A,feed,P94,1096509616,
FDP95,A,feed,P95,1096509616,
FDP96,A,feed,P96,1096509616,1096509616
FDP97,A,feed,P97,1096509616,1096509616
FDP98,A,feed,P98,1096509616,
FDP99,A,feed,P99,1096509616,
FEA0,A,frontend,P0,1096509616,
FEA1,A,frontend,P1,1096509616,
FEA10,A,frontend,P10,1096509616,
FEA100,A,frontend,P100,1096509616,
FEA101,A,frontend,P101,1096509616,
FEA102,A,frontend,P102,1096509616,
FEA103,A,frontend,P103,1096509616,
FEA104,A,frontend,P104,1096509616,
FEA105,A,frontend,P105,1096509616,
FEA106,A,frontend,P106,1096509616,
FEA107,A,frontend,P107,1096509616,
FEA108,A,frontend,P108,1096509616,
FEA109,A,frontend,P109,1096509616,
FEA11,A,frontend,P11,1096509616,
FEA110,A,frontend,P110,1096509616,
FEA111,A,frontend,P111,1096509616,
FEA112,A,frontend,P112,1096509616,
FEA113,A,frontend,P113,1096509616,
FEA114,A,frontend,P114,1096509616,
FEA115,A,frontend,P115,1096509616,
FEA116,A,frontend,P116,1096509616,
FEA117,A,frontend,P117,1096509616,
FEA118,A,frontend,P118,1096509616,
FEA119,A,frontend,P119,1096509616,
FEA12,A,frontend,P12,1096509616,
FEA120,A,frontend,P120,1096509616,
FEA121,A,frontend,P121,1096509616,
FEA122,A,frontend,P122,1096509616,
FEA123,A,frontend,P123,1096509616,
FEA124,A,frontend,P124,1096509616,
FEA125,A,frontend,P125,1096509616,
FEA126,A,frontend,P126,1096509616,
FEA127,A,frontend,P127,1096509616,
FEA13,A,frontend,P13,1096509616,
FEA14,A,frontend,P14,1096509616,
FEA15,A,frontend,P15,1096509616,
FEA16,A,frontend,P16,1096509616,
FEA17,A,frontend,P17,1096509616,
FEA18,A,frontend,P18,1096509616,
FEA19,A,frontend,P19,1096509616,
FEA2,A,frontend,P2,1096509616,
FEA20,A,frontend,P20,1096509616,
FEA21,A,frontend,P21,1096509616,
FEA22,A,frontend,P22,1096509616,
FEA23,A,frontend,P23,1096509616,
FEA24,A,frontend,P24,1096509616,
FEA25,A,frontend,P25,1096509616,
FEA26,A,frontend,P26,1096509616,
FEA27,A,frontend,P27,1096509616,
FEA28,A,frontend,P28,1096509616,
FEA29,A,frontend,P29,1096509616,
FEA3,A,frontend,P3,1096509616,
FEA30,A,frontend,P30,1096509616,
FEA31,A,frontend,P31,1096509616,
FEA32,A,frontend,P32,1096509616,
FEA33,A,frontend,P33,1096509616,
FEA34,A,frontend,P34,1096509616,
FEA35,A,frontend,P35,1096509616,
FEA36,A,frontend,P36,1096509616,
FEA37,A,frontend,P37,1096509616,
FEA38,A,frontend,P38,1096509616,
FEA39,A,frontend,P39,1096509616,
FEA4,A,frontend,P4,1096509616,
FEA40,A,frontend,P40,1096509616,
FEA41,A,frontend,P41,1096509616,
FEA42,A,frontend,P42,1096509616,
FEA43,A,frontend,P43,1096509616,
FEA44,A,frontend,P44,1096509616,
FEA45,A,frontend,P45,1096509616,
FEA46,A,frontend,P46,1096509616,
FEA47,A,frontend,P47,1096509616,
FEA48,A,frontend,P48,1096509616,
FEA49,A,frontend,P49,1096509616,
FEA5,A,frontend,P5,1096509616,
FEA50,A,frontend,P50,1096509616,
FEA51,A,frontend,P51,1096509616,
FEA52,A,frontend,P52,1096509616,
FEA53,A,frontend,P53,1096509616,
FEA54,A,frontend,P54,1096509616,
FEA55,A,frontend,P55,1096509616,
FEA56,A,frontend,P56,1096509616,
FEA57,A,frontend,P57,1096509616,
FEA58,A,frontend,P58,1096509616,
FEA59,A,frontend,P59,1096509616,
FEA6,A,frontend,P6,1096509616,
FEA60,A,frontend,P60,1096509616,
FEA61,A,frontend,P61,1096509616,
FEA62,A,frontend,P62,1096509616,
FEA63,A,frontend,P63,1096509616,
FEA64,A,frontend,P64,1096509616,
FEA65,A,frontend,P65,1096509616,
FEA66,A,frontend,P66,1096509616,
FEA67,A,frontend,P67,1096509616,
FEA68,A,frontend,P68,1096509616,
FEA69,A,frontend,P69,1096509616,
FEA7,A,frontend,P7,1096509616,
FEA70,A,frontend,P70,1096509616,
FEA71,A,frontend,P71,1096509616,
FEA72,A,frontend,P72,1096509616,
FEA73,A,frontend,P73,1096509616,
FEA74,A,frontend,P74,1096509616,
FEA75,A,frontend,P75,1096509616,
FEA76,A,frontend,P76,1096509616,
FEA77,A,frontend,P77,1096509616,
FEA78,A,frontend,P78,1096509616,
FEA79,A,frontend,P79,1096509616,
FEA8,A,frontend,P8,1096509616,
FEA80,A,frontend,P80,1096509616,
FEA81,A,frontend,P81,1096509616,
FEA82,A,frontend,P82,1096509616,
FEA83,A,frontend,P83,1096509616,
FEA84,A,frontend,P84,1096509616,
FEA85,A,frontend,P85,1096509616,
FEA86,A,frontend,P86,1096509616,
FEA87,A,frontend,P87,1096509616,
FEA88,A,frontend,P88,1096509616,
FEA89,A,frontend,P89,1096509616,
FEA9,A,frontend,P9,1096509616,
FEA90,A,frontend,P90,1096509616,
FEA91,A,frontend,P91,1096509616,
FEA92,A,frontend,P92,1096509616,
FEA93,A,frontend,P93,1096509616,
FEA94,A,frontend,P94,1096509616,
FEA95,A,frontend,P95,1096509616,
FEA96,A,frontend,P96,1096509616,
FEA97,A,frontend,P97,1096509616,
FEA98,A,frontend,P98,1096509616,
FEA99,A,frontend,P99,1096509616,
HH0,A,station,S1,1096509616,
HH1,A,station,S1,1096509616,
HH11,A,station,S1,1096509616,
HH12,A,station,S1,1096509616,
HH13,A,station,S1,1096509616,
HH14,A,station,S1,1096509616,
HH15,A,station,S2,1172539232,
HH2,A,station,S1,1096509616,
HH23,A,station,S1,1096509616,
HH24,A,station,S1,1096509616,
HH25,A,station,S1,1096509616,
HH26,A,station,S1,1096509616,
HH27,A,station,S1,1096509616,
HH28,A,station,S2,1170144018,
HH3,A,station,S2,1172539078,
HH36,A,station,S2,1170144018,
HH37,A,station,S1,1096509616,
HH38,A,station,S1,1096509616,
HH39,A,station,S1,1096509616,
HH40,A,station,S1,1096509616,
HH41,A,station,S2,1172539304,
HH42,A,station,S1,1170144018,
HH51,A,station,S2,1096470016,
HH52,A,station,S1,1096509616,
HH53,A,station,S1,1096509616,
HH54,A,station,S1,1096509616,
HH55,A,station,S2,1173293267,
HH56,A,station,S2,1172694240,
HH69,A,station,S2,1177641073,
HH70,A,station,S2,1173290687,
HH71,A,station,S2,1173293255,
HH84,A,station,S2,1169367918,
HH85,A,station,S2,1169367918,
HH86,A,station,S2,1169367918,
HH87,A,station,S2,1169367918,
PH00,A,station,P44,1096509616,
PH01,A,station,P14,1096509616,
PH02,A,station,P86,1096509616,
PH11,A,station,P69,1096509616,
PH12,A,station,P40,1096509616,
PH13,A,station,P101,1096509616,
PH14,A,station,P102,1096509616,
PH23,A,station,P125,1096509616,
PH24,A,station,P84,1096509616,
PH25,A,station,P100,1096509616,
PH26,A,station,P85,1096509616,
PH27,A,station,P54,1096509616,
PH37,A,station,P17,1096509616,
PH38,A,station,P68,1096509616,
PH39,A,station,P62,1096509616,
PH40,A,station,P0,1096509616,
PH52,A,station,P2,1096509616,
PH53,A,station,P21,1096509616,
PH54,A,station,P45,1096509616,
PI1,A,station,P61,1096509616,
PI10,A,station,P70,1096509616,
PI11,A,station,P56,1096509616,
PI12,A,station,P71,1096509616,
PI13,A,station,P59,1096509616,
PI14,A,station,P23,1096509616,
PI15,A,station,P50,1096509616,
PI16,A,station,P38,1096509616,
PI17,A,station,P26,1096509616,
PI18,A,station,P87,1096509616,
PI19,A,station,P103,1096509616,
PI2,A,station,P63,1096509616,
PI20,A,station,P42,1096509616,
PI21,A,station,P15,1096509616,
PI22,A,station,P99,1096509616,
PI23,A,station,P1,1096509616,
PI24,A,station,P47,1096509616,
PI25,A,station,P83,1096509616,
PI26,A,station,P37,1096509616,
PI27,A,station,P4,1096509616,
PI28,A,station,P90,1096509616,
PI29,A,station,P82,1096509616,
PI3,A,station,P67,1096509616,
PI30,A,station,P98,1096509616,
PI31,A,station,P74,1096509616,
PI32,A,station,P106,1096509616,
PI33,A,station,P116,1096509616,
PI34,A,station,P115,1096509616,
PI35,A,station,P114,1096509616,
PI36,A,station,P113,1096509616,
PI37,A,station,P126,1096509616,
PI38,A,station,P127,1096509616,
PI39,A,station,P41,1096509616,
PI4,A,station,P58,1096509616,
PI40,A,station,P16,1096509616,
PI41,A,station,P13,1096509616,
PI42,A,station,P46,1096509616,
PI43,A,station,P124,1096509616,
PI44,A,station,P123,1096509616,
PI45,A,station,P122,1096509616,
PI46,A,station,P57,1096509616,
PI47,A,station,P121,1096509616,
PI48,A,station,P120,1096509616,
PI49,A,station,P119,1096509616,
PI5,A,station,P3,1096509616,
PI50,A,station,P118,1096509616,
PI6,A,station,P73,1096509616,
PI7,A,station,P66,1096509616,
PI8,A,station,P117,1096509616,
PI9,A,station,P49,1096509616,
PPA10,A,station,P28,1096509616,
PPA12,A,station,P34,1096509616,
PPA14,A,station,P51,1096509616,
PPA6,A,station,P19,1096509616,
PPA8,A,station,P29,1096509616,
PPE10,A,station,P93,1096509616,
PPE12,A,station,P94,1096509616,
PPE14,A,station,P95,1096509616,
PPE6,A,station,P91,1096509616,
PPE8,A,station,P92,1096509616,
RCVR0,A,receiver,RCVR0,1096509616,
RCVR1,A,receiver,RCVR1,1096509616,
RCVR10,A,receiver,RCVR10,1096509616,
RCVR100,A,receiver,RCVR100,1096509616,
RCVR101,A,receiver,RCVR101,1096509616,
RCVR102,A,receiver,RCVR102,1096509616,
RCVR103,A,receiver,RCVR103,1096509616,
RCVR104,A,receiver,RCVR104,1096509616,
RCVR105,A,receiver,RCVR105,1096509616,
RCVR106,A,receiver,RCVR106,1096509616,
RCVR107,A,receiver,RCVR107,1096509616,
RCVR108,A,receiver,RCVR108,1096509616,
RCVR109,A,receiver,RCVR109,1096509616,
RCVR11,A,receiver,RCVR11,1096509616,
RCVR110,A,receiver,RCVR110,1096509616,
RCVR111,A,receiver,RCVR111,1096509616,
RCVR112,A,receiver,RCVR112,1096509616,
RCVR113,A,receiver,RCVR113,1096509616,
RCVR114,A,receiver,RCVR114,1096509616,
RCVR115,A,receiver,RCVR115,1096509616,
RCVR116,A,receiver,RCVR116,1096509616,
RCVR117,A,receiver,RCVR117,1096509616,
RCVR118,A,receiver,RCVR118,1096509616,
RCVR119,A,receiver,RCVR119,1096509616,
RCVR12,A,receiver,RCVR12,1096509616,
RCVR120,A,receiver,RCVR120,1096509616,
RCVR121,A,receiver,RCVR121,1096509616,
RCVR122,A,receiver,RCVR122,1096509616,
RCVR123,A,receiver,RCVR123,1096509616,
RCVR124,A,receiver,RCVR124,1096509616,
RCVR125,A,receiver,RCVR125,1096509616,
RCVR126,A,receiver,RCVR126,1096509616,
RCVR127,A,receiver,RCVR127,1096509616,
RCVR13,A,receiver,RCVR13,1096509616,
RCVR14,A,receiver,RCVR14,1096509616,
RCVR15,A,receiver,RCVR15,1096509616,
RCVR16,A,receiver,RCVR16,1096509616,
RCVR17,A,receiver,RCVR17,1096509616,
RCVR18,A,receiver,RCVR18,1096509616,
RCVR19,A,receiver,RCVR19,1096509616,
RCVR2,A,receiver,RCVR2,1096509616,
RCVR20,A,receiver,RCVR20,1096509616,
RCVR21,A,receiver,RCVR21,1096509616,
RCVR22,A,receiver,RCVR22,1096509616,
RCVR23,A,receiver,RCVR23,1096509616,
RCVR24,A,receiver,RCVR24,1096509616,
RCVR25,A,receiver,RCVR25,1096509616,
RCVR26,A,receiver,RCVR26,1096509616,
RCVR27,A,receiver,RCVR27,1096509616,
RCVR28,A,receiver,RCVR28,1096509616,
RCVR29,A,receiver,RCVR29,1096509616,
RCVR3,A,receiver,RCVR3,1096509616,
RCVR30,A,receiver,RCVR30,1096509616,
RCVR31,A,receiver,RCVR31,1096509616,
RCVR32,A,receiver,RCVR32,1096509616,
RCVR33,A,receiver,RCVR33,1096509616,
RCVR34,A,receiver,RCVR34,1096509616,
RCVR35,A,receiver,RCVR35,1096509616,
RCVR36,A,receiver,RCVR36,1096509616,
RCVR37,A,receiver,RCVR37,1096509616,
RCVR38,A,receiver,RCVR38,1096509616,
RCVR39,A,receiver,RCVR39,1096509616,
RCVR4,A,receiver,RCVR4,1096509616,
RCVR40,A,receiver,RCVR40,1096509616,
RCVR41,A,receiver,RCVR41,1096509616,
RCVR42,A,receiver,RCVR42,1096509616,
RCVR43,A,receiver,RCVR43,1096509616,
RCVR44,A,receiver,RCVR44,1096509616,
RCVR45,A,receiver,RCVR45,1096509616,
RCVR46,A,receiver,RCVR46,1096509616,
RCVR47,A,receiver,RCVR47,1096509616,
RCVR48,A,receiver,RCVR48,1096509616,
RCVR49,A,receiver,RCVR49,1096509616,
RCVR5,A,receiver,RCVR5,1096509616,
RCVR50,A,receiver,RCVR50,1096509616,
RCVR51,A,receiver,RCVR51,1096509616,
RCVR52,A,receiver,RCVR52,1096509616,
RCVR53,A,receiver,RCVR53,1096509616,
RCVR54,A,receiver,RCVR54,1096509616,
RCVR55,A,receiver,RCVR55,1096509616,
RCVR56,A,receiver,RCVR56,1096509616,
RCVR57,A,receiver,RCVR57,1096509616,
RCVR58,A,receiver,RCVR58,1096509616,
RCVR59,A,receiver,RCVR59,1096509616,
RCVR6,A,receiver,RCVR6,1096509616,
RCVR60,A,receiver,RCVR60,1096509616,
RCVR61,A,receiver,RCVR61,1096509616,
RCVR62,A,receiver,RCVR62,1096509616,
RCVR63,A,receiver,RCVR63,1096509616,
RCVR64,A,receiver,RCVR64,1096509616,
RCVR65,A,receiver,RCVR65,1096509616,
RCVR66,A,receiver,RCVR66,1096509616,
RCVR67,A,receiver,RCVR67,1096509616,
RCVR68,A,receiver,RCVR68,1096509616,
RCVR69,A,receiver,RCVR69,1096509616,
RCVR7,A,receiver,RCVR7,1096509616,
RCVR70,A,receiver,RCVR70,1096509616,
RCVR71,A,receiver,RCVR71,1096509616,
RCVR72,A,receiver,RCVR72,1096509616,
RCVR73,A,receiver,RCVR73,1096509616,
RCVR74,A,receiver,RCVR74,1096509616,
RCVR75,A,receiver,RCVR75,1096509616,
RCVR76,A,receiver,RCVR76,1096509616,
RCVR77,A,receiver,RCVR77,1096509616,
RCVR78,A,receiver,RCVR78,1096509616,
RCVR79,A,receiver,RCVR79,1096509616,
RCVR8,A,receiver,RCVR8,1096509616,
RCVR80,A,receiver,RCVR80,1096509616,
RCVR81,A,receiver,RCVR81,1096509616,
RCVR82,A,receiver,RCVR82,1096509616,
RCVR83,A,receiver,RCVR83,1096509616,
RCVR84,A,receiver,RCVR84,1096509616,
RCVR85,A,receiver,RCVR85,1096509616,
RCVR86,A,receiver,RCVR86,1096509616,
RCVR87,A,receiver,RCVR87,1096509616,
RCVR88,A,receiver,RCVR88,1096509616,
RCVR89,A,receiver,RCVR89,1096509616,
RCVR9,A,receiver,RCVR9,1096509616,
RCVR90,A,receiver,RCVR90,1096509616,
RCVR91,A,receiver,RCVR91,1096509616,
RCVR92,A,receiver,RCVR92,1096509616,
RCVR93,A,receiver,RCVR93,1096509616,
RCVR94,A,receiver,RCVR94,1096509616,
RCVR95,A,receiver,RCVR95,1096509616,
RCVR96,A,receiver,RCVR96,1096509616,
RCVR97,A,receiver,RCVR97,1096509616,
RCVR98,A,receiver,RCVR98,1096509616,
RCVR99,A,receiver,RCVR99,1096509616,
RI1A1E,A,cable_receiverin_e,RI1A1E,1096509616,
RI1A1N,A,cable_receiverin_n,RI1A1N,1096509616,
RI1A2E,A,cable_receiverin_e,RI1A2E,1096509616,
RI1A2N,A,cable_receiverin_n,RI1A2N,1096509616,
RI1A3E,A,cable_receiverin_e,RI1A3E,1096509616,
RI1A3N,A,cable_receiverin_n,RI1A3N,1096509616,
RI1A4E,A,cable_receiverin_e,RI1A4E,1096509616,
RI1A4N,A,cable_receiverin_n,RI1A4N,1096509616,
RI1A5E,A,cable_receiverin_e,RI1A5E,1096509616,
RI1A5N,A,cable_receiverin_n,RI1A5N,1096509616,
RI1A6E,A,cable_receiverin_e,RI1A6E,1096509616,
RI1A6N,A,cable_receiverin_n,RI1A6N,1096509616,
RI1A7E,A,cable_receiverin_e,RI1A7E,1096509616,
RI1A7N,A,cable_receiverin_n,RI1A7N,1096509616,
RI1A8E,A,cable_receiverin_e,RI1A8E,1096509616,
RI1A8N,A,cable_receiverin_n,RI1A8N,1096509616,
RI1B1E,A,cable_receiverin_e,RI1B1E,1096509616,
RI1B1N,A,cable_receiverin_n,RI1B1N,1096509616,
RI1B2E,A,cable_receiverin_e,RI1B2E,1096509616,
RI1B2N,A,cable_receiverin_n,RI1B2N,1096509616,
RI1B3E,A,cable_receiverin_e,RI1B3E,1096509616,
RI1B3N,A,cable_receiverin_n,RI1B3N,1096509616,
RI1B4E,A,cable_receiverin_e,RI1B4E,1096509616,
RI1B4N,A,cable_receiverin_n,RI1B4N,1096509616,
RI1B5E,A,cable_receiverin_e,RI1B5E,1096509616,
RI1B5N,A,cable_receiverin_n,RI1B5N,1096509616,
RI1B6E,A,cable_receiverin_e,RI1B6E,1096509616,
RI1B6N,A,cable_receiverin_n,RI1B6N,1096509616,
RI1B7E,A,cable_receiverin_e,RI1B7E,1096509616,
RI1B7N,A,cable_receiverin_n,RI1B7N,1096509616,
RI1B8E,A,cable_receiverin_e,RI1B8E,1096509616,
RI1B8N,A,cable_receiverin_n,RI1B8N,1096509616,
RI2A1E,A,cable_receiverin_e,RI2A1E,1096509616,
RI2A1N,A,cable_receiverin_n,RI2A1N,1096509616,
RI2A2E,A,cable_receiverin_e,RI2A2E,1096509616,
RI2A2N,A,cable_receiverin_n,RI2A2N,1096509616,
RI2A3E,A,cable_receiverin_e,RI2A3E,1096509616,
RI2A3N,A,cable_receiverin_n,RI2A3N,1096509616,
RI2A4E,A,cable_receiverin_e,RI2A4E,1096509616,
RI2A4N,A,cable_receiverin_n,RI2A4N,1096509616,
RI2A5E,A,cable_receiverin_e,RI2A5E,1096509616,
RI2A5N,A,cable_receiverin_n,RI2A5N,1096509616,
RI2A6E,A,cable_receiverin_e,RI2A6E,1096509616,
RI2A6N,A,cable_receiverin_n,RI2A6N,1096509616,
RI2A7E,A,cable_receiverin_e,RI2A7E,1096509616,
RI2A7N,A,cable_receiverin_n,RI2A7N,1096509616,
RI2A8E,A,cable_receiverin_e,RI2A8E,1096509616,
RI2A8N,A,cable_receiverin_n,RI2A8N,1096509616,
RI2B1E,A,cable_receiverin_e,RI2B1E,1096509616,
RI2B1N,A,cable_receiverin_n,RI2B1N,1096509616,
RI2B2E,A,cable_receiverin_e,RI2B2E,1096509616,
RI2B2N,A,cable_receiverin_n,RI2B2N,1096509616,
RI2B3E,A,cable_receiverin_e,RI2B3E,1096509616,
RI2B3N,A,cable_receiverin_n,RI2B3N,1096509616,
RI2B4E,A,cable_receiverin_e,RI2B4E,1096509616,
RI2B4N,A,cable_receiverin_n,RI2B4N,1096509616,
RI2B5E,A,cable_receiverin_e,RI2B5E,1096509616,
RI2B5N,A,cable_receiverin_n,RI2B5N,1096509616,
RI2B6E,A,cable_receiverin_e,RI2B6E,1096509616,
RI2B6N,A,cable_receiverin_n,RI2B6N,1096509616,
RI2B7E,A,cable_receiverin_e,RI2B7E,1096509616,
RI2B7N,A,cable_receiverin_n,RI2B7N,1096509616,
RI2B8E,A,cable_receiverin_e,RI2B8E,1096509616,
RI2B8N,A,cable_receiverin_n,RI2B8N,1096509616,
RI3A1E,A,cable_receiverin_e,RI3A1E,1096509616,
RI3A1N,A,cable_receiverin_n,RI3A1N,1096509616,
RI3A2E,A,cable_receiverin_e,RI3A2E,1096509616,
RI3A2N,A,cable_receiverin_n,RI3A2N,1096509616,
RI3A3E,A,cable_receiverin_e,RI3A3E,1096509616,
RI3A3N,A,cable_receiverin_n,RI3A3N,1096509616,
RI3A4E,A,cable_receiverin_e,RI3A4E,1096509616,
RI3A4N,A,cable_receiverin_n,RI3A4N,1096509616,
RI3A5E,A,cable_receiverin_e,RI3A5E,1096509616,
RI3A5N,A,cable_receiverin_n,RI3A5N,1096509616,
RI3A6E,A,cable_receiverin_e,RI3A6E,1096509616,
RI3A6N,A,cable_receiverin_n,RI3A6N,1096509616,
RI3A7E,A,cable_receiverin_e,RI3A7E,1096509616,
RI3A7N,A,cable_receiverin_n,RI3A7N,1096509616,
RI3A8E,A,cable_receiverin_e,RI3A8E,1096509616,
RI3A8N,A,cable_receiverin_n,RI3A8N,1096509616,
RI3B1E,A,cable_receiverin_e,RI3B1E,1096509616,
RI3B1N,A,cable_receiverin_n,RI3B1N,1096509616,
RI3B2E,A,cable_receiverin_e,RI3B2E,1096509616,
RI3B2N,A,cable_receiverin_n,RI3B2N,1096509616,
RI3B3E,A,cable_receiverin_e,RI3B3E,1096509616,
RI3B3N,A,cable_receiverin_n,RI3B3N,1096509616,
RI3B4E,A,cable_receiverin_e,RI3B4E,1096509616,
RI3B4N,A,cable_receiverin_n,RI3B4N,1096509616,
RI3B5E,A,cable_receiverin_e,RI3B5E,1096509616,
RI3B5N,A,cable_receiverin_n,RI3B5N,1096509616,
RI3B6E,A,cable_receiverin_e,RI3B6E,1096509616,
RI3B6N,A,cable_receiverin_n,RI3B6N,1096509616,
RI3B7E,A,cable_receiverin_e,RI3B7E,1096509616,
RI3B7N,A,cable_receiverin_n,RI3B7N,1096509616,
RI4A1E,A,cable_receiverin_e,RI4A1E,1096509616,
RI4A1N,A,cable_receiverin_n,RI4A1N,1096509616,
RI4A2E,A,cable_receiverin_e,RI4A2E,1096509616,
RI4A2N,A,cable_receiverin_n,RI4A2N,1096509616,
RI4A3E,A,cable_receiverin_e,RI4A3E,1096509616,
RI4A3N,A,cable_receiverin_n,RI4A3N,1096509616,
RI4A4E,A,cable_receiverin_e,RI4A4E,1096509616,
RI4A4N,A,cable_receiverin_n,RI4A4N,1096509616,
RI4A5E,A,cable_receiverin_e,RI4A5E,1096509616,
RI4A5N,A,cable_receiverin_n,RI4A5N,1096509616,
SG6,A,station,P107,1096509616,
RI4A6E,A,cable_receiverin_e,RI4A6E,1096509616,
RI4A6N,A,cable_receiverin_n,RI4A6N,1096509616,
RI4A7E,A,cable_receiverin_e,RI4A7E,1096509616,
RI4A7N,A,cable_receiverin_n,RI4A7N,1096509616,
RI4A8E,A,cable_receiverin_e,RI4A8E,1096509616,
RI4A8N,A,cable_receiverin_n,RI4A8N,1096509616,
RI4B1E,A,cable_receiverin_e,RI4B1E,1096509616,
RI4B1N,A,cable_receiverin_n,RI4B1N,1096509616,
RI4B2E,A,cable_receiverin_e,RI4B2E,1096509616,
RI4B2N,A,cable_receiverin_n,RI4B2N,1096509616,
RI4B3E,A,cable_receiverin_e,RI4B3E,1096509616,
RI4B3N,A,cable_receiverin_n,RI4B3N,1096509616,
RI4B4E,A,cable_receiverin_e,RI4B4E,1096509616,
RI4B4N,A,cable_receiverin_n,RI4B4N,1096509616,
RI4B5E,A,cable_receiverin_e,RI4B5E,1096509616,
RI4B5N,A,cable_receiverin_n,RI4B5N,1096509616,
RI4B6E,A,cable_receiverin_e,RI4B6E,1096509616,
RI4B6N,A,cable_receiverin_n,RI4B6N,1096509616,
RI4B7E,A,cable_receiverin_e,RI4B7E,1096509616,
RI4B7N,A,cable_receiverin_n,RI4B7N,1096509616,
RI4B8E,A,cable_receiverin_e,RI4B8E,1096509616,
RI4B8N,A,cable_receiverin_n,RI4B8N,1096509616,
RI5A1E,A,cable_receiverin_e,RI5A1E,1096509616,
RI5A1N,A,cable_receiverin_n,RI5A1N,1096509616,
RI5A2E,A,cable_receiverin_e,RI5A2E,1096509616,
RI5A2N,A,cable_receiverin_n,RI5A2N,1096509616,
RI5A3E,A,cable_receiverin_e,RI5A3E,1096509616,
RI5A3N,A,cable_receiverin_n,RI5A3N,1096509616,
RI5A4E,A,cable_receiverin_e,RI5A4E,1096509616,
RI5A4N,A,cable_receiverin_n,RI5A4N,1096509616,
RI5A5E,A,cable_receiverin_e,RI5A5E,1096509616,
RI5A5N,A,cable_receiverin_n,RI5A5N,1096509616,
RI5A6E,A,cable_receiverin_e,RI5A6E,1096509616,
RI5A6N,A,cable_receiverin_n,RI5A6N,1096509616,
RI5A7E,A,cable_receiverin_e,RI5A7E,1096509616,
RI5A7N,A,cable_receiverin_n,RI5A7N,1096509616,
RI5A8E,A,cable_receiverin_e,RI5A8E,1096509616,
RI5A8N,A,cable_receiverin_n,RI5A8N,1096509616,
RI5B1E,A,cable_receiverin_e,RI5B1E,1096509616,
RI5B1N,A,cable_receiverin_n,RI5B1N,1096509616,
RI5B2E,A,cable_receiverin_e,RI5B2E,1096509616,
RI5B2N,A,cable_receiverin_n,RI5B2N,1096509616,
RI5B3E,A,cable_receiverin_e,RI5B3E,1096509616,
RI5B3N,A,cable_receiverin_n,RI5B3N,1096509616,
RI5B4E,A,cable_receiverin_e,RI5B4E,1096509616,
RI5B4N,A,cable_receiverin_n,RI5B4N,1096509616,
RI5B5E,A,cable_receiverin_e,RI5B5E,1096509616,
RI5B5N,A,cable_receiverin_n,RI5B5N,1096509616,
RI5B6E,A,cable_receiverin_e,RI5B6E,1096509616,
RI5B6N,A,cable_receiverin_n,RI5B6N,1096509616,
RI5B7E,A,cable_receiverin_e,RI5B7E,1096509616,
RI5B7N,A,cable_receiverin_n,RI5B7N,1096509616,
RI5B8E,A,cable_receiverin_e,RI5B8E,1096509616,
RI5B8N,A,cable_receiverin_n,RI5B8N,1096509616,
RI6A1E,A,cable_receiverin_e,RI6A1E,1096509616,
RI6A1N,A,cable_receiverin_n,RI6A1N,1096509616,
RI6A2E,A,cable_receiverin_e,RI6A2E,1096509616,
RI6A2N,A,cable_receiverin_n,RI6A2N,1096509616,
RI6A3E,A,cable_receiverin_e,RI6A3E,1096509616,
RI6A3N,A,cable_receiverin_n,RI6A3N,1096509616,
RI6A4E,A,cable_receiverin_e,RI6A4E,1096509616,
RI6A4N,A,cable_receiverin_n,RI6A4N,1096509616,
RI6A5E,A,cable_receiverin_e,RI6A5E,1096509616,
RI6A5N,A,cable_receiverin_n,RI6A5N,1096509616,
RI6A6E,A,cable_receiverin_e,RI6A6E,1096509616,
RI6A6N,A,cable_receiverin_n,RI6A6N,1096509616,
RI6A7E,A,cable_receiverin_e,RI6A7E,1096509616,
RI6A7N,A,cable_receiverin_n,RI6A7N,1096509616,
RI6A8E,A,cable_receiverin_e,RI6A8E,1096509616,
RI6A8N,A,cable_receiverin_n,RI6A8N,1096509616,
RI6B1E,A,cable_receiverin_e,RI6B1E,1096509616,
RI6B1N,A,cable_receiverin_n,RI6B1N,1096509616,
RI6B2E,A,cable_receiverin_e,RI6B2E,1096509616,
RI6B2N,A,cable_receiverin_n,RI6B2N,1096509616,
RI6B3E,A,cable_receiverin_e,RI6B3E,1096509616,
RI6B3N,A,cable_receiverin_n,RI6B3N,1096509616,
RI6B4E,A,cable_receiverin_e,RI6B4E,1096509616,
RI6B4N,A,cable_receiverin_n,RI6B4N,1096509616,
RI6B5E,A,cable_receiverin_e,RI6B5E,1096509616,
RI6B5N,A,cable_receiverin_n,RI6B5N,1096509616,
RI6B6E,A,cable_receiverin_e,RI6B6E,1096509616,
RI6B6N,A,cable_receiverin_n,RI6B6N,1096509616,
RI6B7E,A,cable_receiverin_e,RI6B7E,1096509616,
RI6B7N,A,cable_receiverin_n,RI6B7N,1096509616,
RI6B8E,A,cable_receiverin_e,RI6B8E,1096509616,
RI6B8N,A,cable_receiverin_n,RI6B8N,1096509616,
RI7A1E,A,cable_receiverin_e,RI7A1E,1096509616,
RI7A1N,A,cable_receiverin_n,RI7A1N,1096509616,
RI7A2E,A,cable_receiverin_e,RI7A2E,1096509616,
RI7A2N,A,cable_receiverin_n,RI7A2N,1096509616,
RI7A3E,A,cable_receiverin_e,RI7A3E,1096509616,
RI7A3N,A,cable_receiverin_n,RI7A3N,1096509616,
RI7A4E,A,cable_receiverin_e,RI7A4E,1096509616,
RI7A4N,A,cable_receiverin_n,RI7A4N,1096509616,
RI7A5E,A,cable_receiverin_e,RI7A5E,1096509616,
RI7A5N,A,cable_receiverin_n,RI7A5N,1096509616,
RI7A6E,A,cable_receiverin_e,RI7A6E,1096509616,
RI7A6N,A,cable_receiverin_n,RI7A6N,1096509616,
RI7A7E,A,cable_receiverin_e,RI7A7E,1096509616,
RI7A7N,A,cable_receiverin_n,RI7A7N,1096509616,
RI7A8E,A,cable_receiverin_e,RI7A8E,1096509616,
RI7A8N,A,cable_receiverin_n,RI7A8N,1096509616,
FDA80,B,feed,P80,1184354547,
A0,H,antenna,H3,1184354547,
FDA10,B,feed,P10,1184354915,
A69,H,antenna,H34,1184355369,
FDA104,A,feed,P104,1096509616,1184354561
A72,T,antenna,S/N7,1096470016,1184354924
A70,H,antenna,H31,1184355379,
A1,H,antenna,H2,1184354561,
FDA104,B,feed,P104,1184354561,
A52,H,antenna,H7,1184354924,
FDA72,B,feed,P72,1184354924,
A71,H,antenna,H35,1184355388,
FDA96,B,feed,P96,1184354570,
A2,H,antenna,H1,1184354570,
FDA112,B,feed,P112,1184354934,
A53,H,antenna,H8,1184354934,
A84,H,antenna,H20,1184355403,
A11,H,antenna,H4,1184354584,
FDA64,B,feed,P64,1184354584,
A97,T,antenna,S/N11,1096470016,1184355008
A11,T,antenna,S/N23,1170144018,1184355413
FDA53,B,feed,P53,1184354593,
A12,H,antenna,H19,1184354593,
FDA97,B,feed,P97,1184355008,
A54,H,antenna,H11,1184355008,
A85,H,antenna,H23,1184355413,
FDA31,B,feed,P31,1184354600,
A13,H,antenna,H17,1184354600,
A3,H,antenna,H28,1184355233,
A86,H,antenna,H24,1184355419,
FDA65,A,feed,P65,1096509616,1184354607
A15,H,antenna,H29,1184355248,
A87,H,antenna,H25,1184355425,
A14,H,antenna,H16,1184354607,
FDA65,B,feed,P65,1184354607,
A28,H,antenna,H27,1184355259,
A23,H,antenna,H5,1184354613,
FDA88,B,feed,P88,1184354613,
A36,H,antenna,H21,1184355275,
RI7B1E,A,cable_receiverin_e,RI7B1E,1096509616,
RI7B1N,A,cable_receiverin_n,RI7B1N,1096509616,
A24,H,antenna,H18,1184354863,
FDA9,B,feed,P9,1184354863,
A108,T,antenna,S/N30,1172539335,1184355284
A20,T,antenna,S/N12,1096495216,1184354874
A41,H,antenna,H30,1184355284,
A25,H,antenna,H12,1184354874,
FDA20,B,feed,P20,1184354874,
A42,H,antenna,H26,1184355292,
FDA89,B,feed,P89,1184354880,
A26,H,antenna,H13,1184354880,
A51,H,antenna,H22,1184355307,
FDA43,B,feed,P43,1184354886,
A27,H,antenna,H15,1184354886,
A55,H,antenna,H32,1184355319,
FDA105,A,feed,P105,1096509616,1184354894
A56,H,antenna,H33,1184355327,
A37,H,antenna,H6,1184354894,
FDA105,B,feed,P105,1184354894,
A13,T,antenna,S/N36,1184354472,1184355337
A38,H,antenna,H9,1184354902,
FDA22,B,feed,P22,1184354902,
A67,H,antenna,H36,1184355337,
RI7B2E,A,cable_receiverin_e,RI7B2E,1096509616,
RI7B2N,A,cable_receiverin_n,RI7B2N,1096509616,
RI7B3E,A,cable_receiverin_e,RI7B3E,1096509616,
RI7B3N,A,cable_receiverin_n,RI7B3N,1096509616,
RI7B4E,A,cable_receiverin_e,RI7B4E,1096509616,
RI7B4N,A,cable_receiverin_n,RI7B4N,1096509616,
RI7B5E,A,cable_receiverin_e,RI7B5E,1096509616,
SG11,A,station,P60,1096509616,
SG12,A,station,P110,1096509616,
SG13,A,station,P39,1096509616,
SG14,A,station,P111,1096509616,
SG5,A,station,P8,1096509616,
SG9,A,station,P36,1096509616,
FDA81,B,feed,P81,1184354908,
A39,H,antenna,H10,1184354908,
A55,T,antenna,S/N37,1184354489,1184355359