hpn,hpn_rev,hptype,manufacturer_number,start_date,stop_date
A0,A,dish,P0,2014-10-01,
A1,A,dish,P1,2014-10-01,
A10,A,dish,14,2014-10-01,
A100,A,dish,P100,2014-10-01,
A101,A,dish,P101,2014-10-01,
A102,A,dish,P102,2014-10-01,
A103,A,dish,P103,2014-10-01,
A104,A,dish,2,2014-10-01,
A105,A,dish,6,2014-10-01,
A106,A,dish,P106,2014-10-01,
A107,A,dish,P107,2014-10-01,2016-05-01
A108,A,dish,P108,2014-10-01,
A109,A,dish,P109,2014-10-01,
A11,A,dish,P11,2014-10-01,
A110,A,dish,P110,2014-10-01,
A111,A,dish,P111,2014-10-01,
A112,A,dish,8,2014-10-01,
A113,A,dish,P113,2014-10-01,
A114,A,dish,P114,2014-10-01,
A115,A,dish,P115,2014-10-01,
A116,A,dish,P116,2014-10-01,
A117,A,dish,P117,2014-10-01,
A118,A,dish,P118,2014-10-01,
A119,A,dish,P119,2014-10-01,
A12,A,dish,P12,2014-10-01,
A120,A,dish,P120,2014-10-01,
A121,A,dish,P121,2014-10-01,
A122,A,dish,P122,2014-10-01,
A123,A,dish,P123,2014-10-01,
A124,A,dish,P124,2014-10-01,
A125,A,dish,P125,2014-10-01,
A126,A,dish,P126,2014-10-01,2016-05-01
A127,A,dish,P127,2014-10-01,2016-05-01
A13,A,dish,P13,2014-10-01,
A14,A,dish,P14,2014-10-01,
A15,A,dish,P15,2014-10-01,
A16,A,dish,P16,2014-10-01,
A17,A,dish,P17,2014-10-01,
A18,A,dish,P18,2014-10-01,
A19,A,dish,P19,2014-10-01,2016-05-01
A2,A,dish,P2,2014-10-01,
A20,A,dish,12,2014-10-01,
A21,A,dish,P21,2014-10-01,
A22,A,dish,9,2014-10-01,
A23,A,dish,P23,2014-10-01,
A24,A,dish,P24,2014-10-01,
A25,A,dish,P25,2014-10-01,2016-05-01
A26,A,dish,P26,2014-10-01,
A27,A,dish,P27,2014-10-01,
A28,A,dish,P28,2014-10-01,
A29,A,dish,P29,2014-10-01,
A3,A,dish,P3,2014-10-01,
A30,A,dish,P30,2014-10-01,
A31,A,dish,17,2014-10-01,
A32,A,dish,P32,2014-10-01,
A33,A,dish,P33,2014-10-01,2016-05-01
A34,A,dish,P34,2014-10-01,
A35,A,dish,P35,2014-10-01,2016-05-01
A36,A,dish,P36,2014-10-01,
A37,A,dish,P37,2014-10-01,
A38,A,dish,P38,2014-10-01,
A39,A,dish,P39,2014-10-01,
A4,A,dish,P4,2014-10-01,
A40,A,dish,P40,2014-10-01,
A41,A,dish,P41,2014-10-01,2016-05-01
A42,A,dish,P42,2014-10-01,
A43,A,dish,15,2014-10-01,
A44,A,dish,P44,2014-10-01,
A45,A,dish,P45,2014-10-01,
A46,A,dish,P46,2014-10-01,
A47,A,dish,P47,2014-10-01,
A48,A,dish,P48,2014-10-01,
A49,A,dish,P49,2014-10-01,
A5,A,dish,P5,2014-10-01,
A50,A,dish,P50,2014-10-01,
A51,A,dish,P51,2014-10-01,
A52,A,dish,P52,2014-10-01,
A53,A,dish,19,2014-10-01,
A54,A,dish,P54,2014-10-01,
A55,A,dish,P55,2014-10-01,
A56,A,dish,P56,2014-10-01,
A57,A,dish,P57,2014-10-01,
A58,A,dish,P58,2014-10-01,
A59,A,dish,P59,2014-10-01,
A6,A,dish,P6,2014-10-01,
A60,A,dish,P60,2014-10-01,
A61,A,dish,P61,2014-10-01,
A62,A,dish,P62,2014-10-01,
A63,A,dish,P63,2014-10-01,
A64,A,dish,4,2014-10-01,
A65,A,dish,16,2014-10-01,
A66,A,dish,P66,2014-10-01,
A67,A,dish,P67,2014-10-01,
A68,A,dish,P68,2014-10-01,
A69,A,dish,P69,2014-10-01,
A7,A,dish,P7,2014-10-01,
A70,A,dish,P70,2014-10-01,
A71,A,dish,P71,2014-10-01,
A72,A,dish,7,2014-10-01,
A73,A,dish,P73,2014-10-01,
A74,A,dish,P74,2014-10-01,
A75,A,dish,P75,2014-10-01,2016-05-01
A76,A,dish,P76,2014-10-01,
A77,A,dish,P77,2014-10-01,
A78,A,dish,P78,2014-10-01,
A79,A,dish,P79,2014-10-01,
A8,A,dish,P8,2014-10-01,2016-05-01
A80,A,dish,3,2014-10-01,
A81,A,dish,10,2014-10-01,
A82,A,dish,P82,2014-10-01,
A83,A,dish,P83,2014-10-01,
A84,A,dish,P84,2014-10-01,
A85,A,dish,P85,2014-10-01,
A86,A,dish,P86,2014-10-01,
A87,A,dish,P87,2014-10-01,
A88,A,dish,5,2014-10-01,
A89,A,dish,13,2014-10-01,
A9,A,dish,18,2014-10-01,
A90,A,dish,P90,2014-10-01,
A91,A,dish,P91,2014-10-01,2016-05-01
A92,A,dish,P92,2014-10-01,
A93,A,dish,P93,2014-10-01,
A94,A,dish,P94,2014-10-01,
A95,A,dish,P95,2014-10-01,
A96,A,dish,1,2014-10-01,
A97,A,dish,11,2014-10-01,
A98,A,dish,P98,2014-10-01,
A99,A,dish,P99,2014-10-01,
C7F0,A,cable_feed75,P0,2014-10-01,
C7F1,A,cable_feed75,P1,2014-10-01,
C7F10,A,cable_feed75,P10,2014-10-01,
C7F100,A,cable_feed75,P100,2014-10-01,
C7F101,A,cable_feed75,P101,2014-10-01,
C7F102,A,cable_feed75,P102,2014-10-01,
C7F103,A,cable_feed75,P103,2014-10-01,
C7F104,A,cable_feed75,P104,2014-10-01,
C7F105,A,cable_feed75,P105,2014-10-01,
C7F106,A,cable_feed75,P106,2014-10-01,
C7F107,A,cable_feed75,P107,2014-10-01,
C7F108,A,cable_feed75,P108,2014-10-01,
C7F109,A,cable_feed75,P109,2014-10-01,
C7F11,A,cable_feed75,P11,2014-10-01,
C7F110,A,cable_feed75,P110,2014-10-01,
C7F111,A,cable_feed75,P111,2014-10-01,
C7F112,A,cable_feed75,P112,2014-10-01,
C7F113,A,cable_feed75,P113,2014-10-01,
C7F114,A,cable_feed75,P114,2014-10-01,
C7F115,A,cable_feed75,P115,2014-10-01,
C7F116,A,cable_feed75,P116,2014-10-01,
C7F117,A,cable_feed75,P117,2014-10-01,
C7F118,A,cable_feed75,P118,2014-10-01,
C7F119,A,cable_feed75,P119,2014-10-01,
C7F12,A,cable_feed75,P12,2014-10-01,
C7F120,A,cable_feed75,P120,2014-10-01,
C7F121,A,cable_feed75,P121,2014-10-01,
C7F122,A,cable_feed75,P122,2014-10-01,
C7F123,A,cable_feed75,P123,2014-10-01,
C7F124,A,cable_feed75,P124,2014-10-01,
C7F125,A,cable_feed75,P125,2014-10-01,
C7F126,A,cable_feed75,P126,2014-10-01,
C7F127,A,cable_feed75,P127,2014-10-01,
C7F13,A,cable_feed75,P13,2014-10-01,
C7F14,A,cable_feed75,P14,2014-10-01,
C7F15,A,cable_feed75,P15,2014-10-01,
C7F16,A,cable_feed75,P16,2014-10-01,
C7F17,A,cable_feed75,P17,2014-10-01,
C7F18,A,cable_feed75,P18,2014-10-01,
C7F19,A,cable_feed75,P19,2014-10-01,
C7F2,A,cable_feed75,P2,2014-10-01,
C7F20,A,cable_feed75,P20,2014-10-01,
C7F21,A,cable_feed75,P21,2014-10-01,
C7F22,A,cable_feed75,P22,2014-10-01,
C7F23,A,cable_feed75,P23,2014-10-01,
C7F24,A,cable_feed75,P24,2014-10-01,
C7F25,A,cable_feed75,P25,2014-10-01,
C7F26,A,cable_feed75,P26,2014-10-01,
C7F27,A,cable_feed75,P27,2014-10-01,
C7F28,A,cable_feed75,P28,2014-10-01,
C7F29,A,cable_feed75,P29,2014-10-01,
C7F3,A,cable_feed75,P3,2014-10-01,
C7F30,A,cable_feed75,P30,2014-10-01,
C7F31,A,cable_feed75,P31,2014-10-01,
C7F32,A,cable_feed75,P32,2014-10-01,
C7F33,A,cable_feed75,P33,2014-10-01,
C7F34,A,cable_feed75,P34,2014-10-01,
C7F35,A,cable_feed75,P35,2014-10-01,
C7F36,A,cable_feed75,P36,2014-10-01,
C7F37,A,cable_feed75,P37,2014-10-01,
C7F38,A,cable_feed75,P38,2014-10-01,
C7F39,A,cable_feed75,P39,2014-10-01,
C7F4,A,cable_feed75,P4,2014-10-01,
C7F40,A,cable_feed75,P40,2014-10-01,
C7F41,A,cable_feed75,P41,2014-10-01,
C7F42,A,cable_feed75,P42,2014-10-01,
C7F43,A,cable_feed75,P43,2014-10-01,
C7F44,A,cable_feed75,P44,2014-10-01,
C7F45,A,cable_feed75,P45,2014-10-01,
C7F46,A,cable_feed75,P46,2014-10-01,
C7F47,A,cable_feed75,P47,2014-10-01,
C7F48,A,cable_feed75,P48,2014-10-01,
C7F49,A,cable_feed75,P49,2014-10-01,
C7F5,A,cable_feed75,P5,2014-10-01,
C7F50,A,cable_feed75,P50,2014-10-01,
C7F51,A,cable_feed75,P51,2014-10-01,
C7F52,A,cable_feed75,P52,2014-10-01,
C7F53,A,cable_feed75,P53,2014-10-01,
C7F54,A,cable_feed75,P54,2014-10-01,
C7F55,A,cable_feed75,P55,2014-10-01,
C7F56,A,cable_feed75,P56,2014-10-01,
C7F57,A,cable_feed75,P57,2014-10-01,
C7F58,A,cable_feed75,P58,2014-10-01,
C7F59,A,cable_feed75,P59,2014-10-01,
C7F6,A,cable_feed75,P6,2014-10-01,
C7F60,A,cable_feed75,P60,2014-10-01,
C7F61,A,cable_feed75,P61,2014-10-01,
C7F62,A,cable_feed75,P62,2014-10-01,
C7F63,A,cable_feed75,P63,2014-10-01,
C7F64,A,cable_feed75,P64,2014-10-01,
C7F65,A,cable_feed75,P65,2014-10-01,
C7F66,A,cable_feed75,P66,2014-10-01,
C7F67,A,cable_feed75,P67,2014-10-01,
C7F68,A,cable_feed75,P68,2014-10-01,
C7F69,A,cable_feed75,P69,2014-10-01,
C7F7,A,cable_feed75,P7,2014-10-01,
C7F70,A,cable_feed75,P70,2014-10-01,
C7F71,A,cable_feed75,P71,2014-10-01,
C7F72,A,cable_feed75,P72,2014-10-01,
C7F73,A,cable_feed75,P73,2014-10-01,
C7F74,A,cable_feed75,P74,2014-10-01,
C7F75,A,cable_feed75,P75,2014-10-01,
C7F76,A,cable_feed75,P76,2014-10-01,
C7F77,A,cable_feed75,P77,2014-10-01,
C7F78,A,cable_feed75,P78,2014-10-01,
C7F79,A,cable_feed75,P79,2014-10-01,
C7F8,A,cable_feed75,P8,2014-10-01,
C7F80,A,cable_feed75,P80,2014-10-01,
C7F81,A,cable_feed75,P81,2014-10-01,
C7F82,A,cable_feed75,P82,2014-10-01,
C7F83,A,cable_feed75,P83,2014-10-01,
C7F84,A,cable_feed75,P84,2014-10-01,
C7F85,A,cable_feed75,P85,2014-10-01,
C7F86,A,cable_feed75,P86,2014-10-01,
C7F87,A,cable_feed75,P87,2014-10-01,
C7F88,A,cable_feed75,P88,2014-10-01,
C7F89,A,cable_feed75,P89,2014-10-01,
C7F9,A,cable_feed75,P9,2014-10-01,
C7F90,A,cable_feed75,P90,2014-10-01,
C7F91,A,cable_feed75,P91,2014-10-01,
C7F92,A,cable_feed75,P92,2014-10-01,
C7F93,A,cable_feed75,P93,2014-10-01,
C7F94,A,cable_feed75,P94,2014-10-01,
C7F95,A,cable_feed75,P95,2014-10-01,
C7F96,A,cable_feed75,P96,2014-10-01,
C7F97,A,cable_feed75,P97,2014-10-01,
C7F98,A,cable_feed75,P98,2014-10-01,
C7F99,A,cable_feed75,P99,2014-10-01,
CC1R1C1,A,cable_container,CBLC1R1C1,2014-10-01,
CC1R1C2,A,cable_container,CBLC1R1C2,2014-10-01,
CC1R1C3,A,cable_container,CBLC1R1C3,2014-10-01,
CC1R1C4,A,cable_container,CBLC1R1C4,2014-10-01,
CC1R1C5,A,cable_container,CBLC1R1C5,2014-10-01,
CC1R1C6,A,cable_container,CBLC1R1C6,2014-10-01,
CC1R1C7,A,cable_container,CBLC1R1C7,2014-10-01,
CC1R1C8,A,cable_container,CBLC1R1C8,2014-10-01,
CC1R2C1,A,cable_container,CBLC1R2C1,2014-10-01,
DF2E1,A,f_engine,PF2E1,2014-10-01,
CC1R2C2,A,cable_container,CBLC1R2C2,2014-10-01,
CC1R2C3,A,cable_container,CBLC1R2C3,2014-10-01,
CC1R2C4,A,cable_container,CBLC1R2C4,2014-10-01,
CC1R2C5,A,cable_container,CBLC1R2C5,2014-10-01,
CC1R2C6,A,cable_container,CBLC1R2C6,2014-10-01,
CC1R2C7,A,cable_container,CBLC1R2C7,2014-10-01,
CC1R2C8,A,cable_container,CBLC1R2C8,2014-10-01,
CC1R3C1,A,cable_container,CBLC1R3C1,2014-10-01,
CC1R3C2,A,cable_container,CBLC1R3C2,2014-10-01,
CC1R3C3,A,cable_container,CBLC1R3C3,2014-10-01,
CC1R3C4,A,cable_container,CBLC1R3C4,2014-10-01,
CC1R3C5,A,cable_container,CBLC1R3C5,2014-10-01,
CC1R3C6,A,cable_container,CBLC1R3C6,2014-10-01,
CC1R3C7,A,cable_container,CBLC1R3C7,2014-10-01,
CC1R3C8,A,cable_container,CBLC1R3C8,2014-10-01,
CC1R4C1,A,cable_container,CBLC1R4C1,2014-10-01,
CC1R4C2,A,cable_container,CBLC1R4C2,2014-10-01,
CC1R4C3,A,cable_container,CBLC1R4C3,2014-10-01,
CC1R4C4,A,cable_container,CBLC1R4C4,2014-10-01,
CC1R4C5,A,cable_container,CBLC1R4C5,2014-10-01,
CC1R4C6,A,cable_container,CBLC1R4C6,2014-10-01,
CC1R4C7,A,cable_container,CBLC1R4C7,2014-10-01,
CC1R4C8,A,cable_container,CBLC1R4C8,2014-10-01,
CC1R5C1,A,cable_container,CBLC1R5C1,2014-10-01,
CC1R5C2,A,cable_container,CBLC1R5C2,2014-10-01,
CC1R5C3,A,cable_container,CBLC1R5C3,2014-10-01,
CC1R5C4,A,cable_container,CBLC1R5C4,2014-10-01,
CC1R5C5,A,cable_container,CBLC1R5C5,2014-10-01,
CC1R5C6,A,cable_container,CBLC1R5C6,2014-10-01,
CC1R5C7,A,cable_container,CBLC1R5C7,2014-10-01,
CC1R5C8,A,cable_container,CBLC1R5C8,2014-10-01,
CC1R6C1,A,cable_container,CBLC1R6C1,2014-10-01,
CC1R6C2,A,cable_container,CBLC1R6C2,2014-10-01,
CC1R6C3,A,cable_container,CBLC1R6C3,2014-10-01,
CC1R6C4,A,cable_container,CBLC1R6C4,2014-10-01,
CC1R6C5,A,cable_container,CBLC1R6C5,2014-10-01,
CC1R6C6,A,cable_container,CBLC1R6C6,2014-10-01,
CC1R6C7,A,cable_container,CBLC1R6C7,2014-10-01,
CC1R6C8,A,cable_container,CBLC1R6C8,2014-10-01,
CC2R1C1,A,cable_container,CBLC2R1C1,2014-10-01,
CC2R1C2,A,cable_container,CBLC2R1C2,2014-10-01,
CC2R1C3,A,cable_container,CBLC2R1C3,2014-10-01,
CC2R1C4,A,cable_container,CBLC2R1C4,2014-10-01,
CC2R1C5,A,cable_container,CBLC2R1C5,2014-10-01,
CC2R1C6,A,cable_container,CBLC2R1C6,2014-10-01,
CC2R1C7,A,cable_container,CBLC2R1C7,2014-10-01,
CC2R1C8,A,cable_container,CBLC2R1C8,2014-10-01,
CC2R2C1,A,cable_container,CBLC2R2C1,2014-10-01,
CC2R2C2,A,cable_container,CBLC2R2C2,2014-10-01,
CC2R2C3,A,cable_container,CBLC2R2C3,2014-10-01,
CC2R2C4,A,cable_container,CBLC2R2C4,2014-10-01,
CC2R2C5,A,cable_container,CBLC2R2C5,2014-10-01,
CC2R2C6,A,cable_container,CBLC2R2C6,2014-10-01,
CC2R2C7,A,cable_container,CBLC2R2C7,2014-10-01,
CC2R2C8,A,cable_container,CBLC2R2C8,2014-10-01,
CC2R3C1,A,cable_container,CBLC2R3C1,2014-10-01,
CC2R3C2,A,cable_container,CBLC2R3C2,2014-10-01,
CC2R3C3,A,cable_container,CBLC2R3C3,2014-10-01,
CC2R3C4,A,cable_container,CBLC2R3C4,2014-10-01,
CC2R3C5,A,cable_container,CBLC2R3C5,2014-10-01,
CC2R3C6,A,cable_container,CBLC2R3C6,2014-10-01,
CC2R3C7,A,cable_container,CBLC2R3C7,2014-10-01,
CC2R3C8,A,cable_container,CBLC2R3C8,2014-10-01,
CC2R4C1,A,cable_container,CBLC2R4C1,2014-10-01,
CC2R4C2,A,cable_container,CBLC2R4C2,2014-10-01,
CC2R4C3,A,cable_container,CBLC2R4C3,2014-10-01,
CC2R4C4,A,cable_container,CBLC2R4C4,2014-10-01,
CC2R4C5,A,cable_container,CBLC2R4C5,2014-10-01,
CC2R4C6,A,cable_container,CBLC2R4C6,2014-10-01,
CC2R4C7,A,cable_container,CBLC2R4C7,2014-10-01,
CC2R4C8,A,cable_container,CBLC2R4C8,2014-10-01,
CC2R5C1,A,cable_container,CBLC2R5C1,2014-10-01,
CC2R5C2,A,cable_container,CBLC2R5C2,2014-10-01,
CC2R5C3,A,cable_container,CBLC2R5C3,2014-10-01,
CC2R5C4,A,cable_container,CBLC2R5C4,2014-10-01,
CC2R5C5,A,cable_container,CBLC2R5C5,2014-10-01,
CC2R5C6,A,cable_container,CBLC2R5C6,2014-10-01,
CC2R5C7,A,cable_container,CBLC2R5C7,2014-10-01,
CC2R6C1,A,cable_container,CBLC2R6C1,2014-10-01,
CC2R6C2,A,cable_container,CBLC2R6C2,2014-10-01,
CC2R6C3,A,cable_container,CBLC2R6C3,2014-10-01,
CC2R6C4,A,cable_container,CBLC2R6C4,2014-10-01,
CC2R6C5,A,cable_container,CBLC2R6C5,2014-10-01,
CC2R6C6,A,cable_container,CBLC2R6C6,2014-10-01,
CC2R6C7,A,cable_container,CBLC2R6C7,2014-10-01,
CC3R1C1,A,cable_container,CBLC3R1C1,2014-10-01,
CC3R1C2,A,cable_container,CBLC3R1C2,2014-10-01,
CC3R1C3,A,cable_container,CBLC3R1C3,2014-10-01,
CC3R1C4,A,cable_container,CBLC3R1C4,2014-10-01,
CC3R1C5,A,cable_container,CBLC3R1C5,2014-10-01,
CC3R1C6,A,cable_container,CBLC3R1C6,2014-10-01,
CC3R1C7,A,cable_container,CBLC3R1C7,2014-10-01,
CC3R1C8,A,cable_container,CBLC3R1C8,2014-10-01,
CC3R2C1,A,cable_container,CBLC3R2C1,2014-10-01,
CC3R2C2,A,cable_container,CBLC3R2C2,2014-10-01,
CC3R2C3,A,cable_container,CBLC3R2C3,2014-10-01,
CC3R2C4,A,cable_container,CBLC3R2C4,2014-10-01,
CC3R2C5,A,cable_container,CBLC3R2C5,2014-10-01,
CC3R2C6,A,cable_container,CBLC3R2C6,2014-10-01,
CC3R2C7,A,cable_container,CBLC3R2C7,2014-10-01,
CC3R2C8,A,cable_container,CBLC3R2C8,2014-10-01,
CC3R3C1,A,cable_container,CBLC3R3C1,2014-10-01,
CC3R3C2,A,cable_container,CBLC3R3C2,2014-10-01,
CC3R3C3,A,cable_container,CBLC3R3C3,2014-10-01,
CC3R3C4,A,cable_container,CBLC3R3C4,2014-10-01,
CC3R3C5,A,cable_container,CBLC3R3C5,2014-10-01,
CC3R3C6,A,cable_container,CBLC3R3C6,2014-10-01,
CC3R3C7,A,cable_container,CBLC3R3C7,2014-10-01,
CC3R3C8,A,cable_container,CBLC3R3C8,2014-10-01,
CC3R4C1,A,cable_container,CBLC3R4C1,2014-10-01,
CC3R4C2,A,cable_container,CBLC3R4C2,2014-10-01,
CC3R4C3,A,cable_container,CBLC3R4C3,2014-10-01,
CC3R4C4,A,cable_container,CBLC3R4C4,2014-10-01,
CC3R4C5,A,cable_container,CBLC3R4C5,2014-10-01,
CC3R4C6,A,cable_container,CBLC3R4C6,2014-10-01,
CC3R4C7,A,cable_container,CBLC3R4C7,2014-10-01,
CC3R4C8,A,cable_container,CBLC3R4C8,2014-10-01,
CC3R5C1,A,cable_container,CBLC3R5C1,2014-10-01,
CC3R5C2,A,cable_container,CBLC3R5C2,2014-10-01,
CC3R5C3,A,cable_container,CBLC3R5C3,2014-10-01,
CC3R5C4,A,cable_container,CBLC3R5C4,2014-10-01,
CC3R5C5,A,cable_container,CBLC3R5C5,2014-10-01,
CC3R5C6,A,cable_container,CBLC3R5C6,2014-10-01,
CC3R5C7,A,cable_container,CBLC3R5C7,2014-10-01,
CC3R5C8,A,cable_container,CBLC3R5C8,2014-10-01,
CC3R6C1,A,cable_container,CBLC3R6C1,2014-10-01,
CC3R6C2,A,cable_container,CBLC3R6C2,2014-10-01,
CC3R6C3,A,cable_container,CBLC3R6C3,2014-10-01,
CC3R6C4,A,cable_container,CBLC3R6C4,2014-10-01,
CC3R6C5,A,cable_container,CBLC3R6C5,2014-10-01,
CC3R6C6,A,cable_container,CBLC3R6C6,2014-10-01,
CC3R6C7,A,cable_container,CBLC3R6C7,2014-10-01,
CC3R6C8,A,cable_container,CBLC3R6C8,2014-10-01,
CC4R1C1,A,cable_container,CBLC4R1C1,2014-10-01,
CC4R1C2,A,cable_container,CBLC4R1C2,2014-10-01,
CC4R1C3,A,cable_container,CBLC4R1C3,2014-10-01,
CC4R1C4,A,cable_container,CBLC4R1C4,2014-10-01,
CC4R1C5,A,cable_container,CBLC4R1C5,2014-10-01,
CC4R1C6,A,cable_container,CBLC4R1C6,2014-10-01,
CC4R1C7,A,cable_container,CBLC4R1C7,2014-10-01,
CC4R1C8,A,cable_container,CBLC4R1C8,2014-10-01,
CC4R2C1,A,cable_container,CBLC4R2C1,2014-10-01,
CC4R2C2,A,cable_container,CBLC4R2C2,2014-10-01,
CC4R2C3,A,cable_container,CBLC4R2C3,2014-10-01,
CC4R2C4,A,cable_container,CBLC4R2C4,2014-10-01,
CC4R2C5,A,cable_container,CBLC4R2C5,2014-10-01,
CC4R2C6,A,cable_container,CBLC4R2C6,2014-10-01,
CC4R2C7,A,cable_container,CBLC4R2C7,2014-10-01,
CC4R2C8,A,cable_container,CBLC4R2C8,2014-10-01,
CC4R3C1,A,cable_container,CBLC4R3C1,2014-10-01,
CC4R3C2,A,cable_container,CBLC4R3C2,2014-10-01,
CC4R3C3,A,cable_container,CBLC4R3C3,2014-10-01,
CC4R3C4,A,cable_container,CBLC4R3C4,2014-10-01,
CC4R3C5,A,cable_container,CBLC4R3C5,2014-10-01,
CC4R3C6,A,cable_container,CBLC4R3C6,2014-10-01,
CC4R3C7,A,cable_container,CBLC4R3C7,2014-10-01,
CC4R3C8,A,cable_container,CBLC4R3C8,2014-10-01,
CC4R4C1,A,cable_container,CBLC4R4C1,2014-10-01,
CC4R4C2,A,cable_container,CBLC4R4C2,2014-10-01,
CC4R4C3,A,cable_container,CBLC4R4C3,2014-10-01,
CC4R4C4,A,cable_container,CBLC4R4C4,2014-10-01,
CC4R4C5,A,cable_container,CBLC4R4C5,2014-10-01,
CC4R4C6,A,cable_container,CBLC4R4C6,2014-10-01,
CC4R4C7,A,cable_container,CBLC4R4C7,2014-10-01,
CC4R4C8,A,cable_container,CBLC4R4C8,2014-10-01,
CC4R5C1,A,cable_container,CBLC4R5C1,2014-10-01,
CC4R5C2,A,cable_container,CBLC4R5C2,2014-10-01,
CC4R5C3,A,cable_container,CBLC4R5C3,2014-10-01,
CC4R5C4,A,cable_container,CBLC4R5C4,2014-10-01,
CC4R5C5,A,cable_container,CBLC4R5C5,2014-10-01,
CC4R5C6,A,cable_container,CBLC4R5C6,2014-10-01,
CC4R5C7,A,cable_container,CBLC4R5C7,2014-10-01,
CC4R5C8,A,cable_container,CBLC4R5C8,2014-10-01,
CC4R6C1,A,cable_container,CBLC4R6C1,2014-10-01,
CC4R6C2,A,cable_container,CBLC4R6C2,2014-10-01,
CC4R6C3,A,cable_container,CBLC4R6C3,2014-10-01,
CC4R6C4,A,cable_container,CBLC4R6C4,2014-10-01,
CC4R6C5,A,cable_container,CBLC4R6C5,2014-10-01,
CC4R6C6,A,cable_container,CBLC4R6C6,2014-10-01,
CC4R6C7,A,cable_container,CBLC4R6C7,2014-10-01,
CC4R6C8,A,cable_container,CBLC4R6C8,2014-10-01,
CC5R1C1,A,cable_container,CBLC5R1C1,2014-10-01,
CC5R1C2,A,cable_container,CBLC5R1C2,2014-10-01,
CC5R1C3,A,cable_container,CBLC5R1C3,2014-10-01,
CC5R1C4,A,cable_container,CBLC5R1C4,2014-10-01,
CC5R1C5,A,cable_container,CBLC5R1C5,2014-10-01,
CC5R1C6,A,cable_container,CBLC5R1C6,2014-10-01,
CC5R1C7,A,cable_container,CBLC5R1C7,2014-10-01,
CC5R1C8,A,cable_container,CBLC5R1C8,2014-10-01,
CC5R2C1,A,cable_container,CBLC5R2C1,2014-10-01,
CC5R2C2,A,cable_container,CBLC5R2C2,2014-10-01,
CC5R2C3,A,cable_container,CBLC5R2C3,2014-10-01,
CC5R2C4,A,cable_container,CBLC5R2C4,2014-10-01,
CC5R2C5,A,cable_container,CBLC5R2C5,2014-10-01,
CC5R2C6,A,cable_container,CBLC5R2C6,2014-10-01,
CC5R2C7,A,cable_container,CBLC5R2C7,2014-10-01,
CC5R2C8,A,cable_container,CBLC5R2C8,2014-10-01,
CC5R3C1,A,cable_container,CBLC5R3C1,2014-10-01,
CC5R3C2,A,cable_container,CBLC5R3C2,2014-10-01,
CC5R3C3,A,cable_container,CBLC5R3C3,2014-10-01,
CC5R3C4,A,cable_container,CBLC5R3C4,2014-10-01,
CC5R3C5,A,cable_container,CBLC5R3C5,2014-10-01,
CC5R3C6,A,cable_container,CBLC5R3C6,2014-10-01,
CC5R3C7,A,cable_container,CBLC5R3C7,2014-10-01,
CC5R3C8,A,cable_container,CBLC5R3C8,2014-10-01,
CC5R4C1,A,cable_container,CBLC5R4C1,2014-10-01,
CC5R4C2,A,cable_container,CBLC5R4C2,2014-10-01,
CC5R4C3,A,cable_container,CBLC5R4C3,2014-10-01,
CC5R4C4,A,cable_container,CBLC5R4C4,2014-10-01,
CC5R4C5,A,cable_container,CBLC5R4C5,2014-10-01,
CC5R4C6,A,cable_container,CBLC5R4C6,2014-10-01,
CC5R4C7,A,cable_container,CBLC5R4C7,2014-10-01,
CC5R4C8,A,cable_container,CBLC5R4C8,2014-10-01,
CC5R5C1,A,cable_container,CBLC5R5C1,2014-10-01,
CC5R5C2,A,cable_container,CBLC5R5C2,2014-10-01,
CC5R5C3,A,cable_container,CBLC5R5C3,2014-10-01,
CC5R5C4,A,cable_container,CBLC5R5C4,2014-10-01,
CC5R5C5,A,cable_container,CBLC5R5C5,2014-10-01,
CC5R5C6,A,cable_container,CBLC5R5C6,2014-10-01,
CC5R5C7,A,cable_container,CBLC5R5C7,2014-10-01,
CC5R5C8,A,cable_container,CBLC5R5C8,2014-10-01,
CC5R6C1,A,cable_container,CBLC5R6C1,2014-10-01,
CC5R6C2,A,cable_container,CBLC5R6C2,2014-10-01,
CC5R6C3,A,cable_container,CBLC5R6C3,2014-10-01,
CC5R6C4,A,cable_container,CBLC5R6C4,2014-10-01,
CC5R6C5,A,cable_container,CBLC5R6C5,2014-10-01,
CC5R6C6,A,cable_container,CBLC5R6C6,2014-10-01,
CC5R6C7,A,cable_container,CBLC5R6C7,2014-10-01,
CC5R6C8,A,cable_container,CBLC5R6C8,2014-10-01,
CC6R1C1,A,cable_container,CBLC6R1C1,2014-10-01,
CC6R1C2,A,cable_container,CBLC6R1C2,2014-10-01,
CC6R1C3,A,cable_container,CBLC6R1C3,2014-10-01,
CC6R1C4,A,cable_container,CBLC6R1C4,2014-10-01,
CC6R1C5,A,cable_container,CBLC6R1C5,2014-10-01,
CC6R1C6,A,cable_container,CBLC6R1C6,2014-10-01,
CC6R1C7,A,cable_container,CBLC6R1C7,2014-10-01,
CC6R1C8,A,cable_container,CBLC6R1C8,2014-10-01,
CC6R2C1,A,cable_container,CBLC6R2C1,2014-10-01,
CC6R2C2,A,cable_container,CBLC6R2C2,2014-10-01,
CC6R2C3,A,cable_container,CBLC6R2C3,2014-10-01,
CC6R2C4,A,cable_container,CBLC6R2C4,2014-10-01,
CC6R2C5,A,cable_container,CBLC6R2C5,2014-10-01,
CC6R2C6,A,cable_container,CBLC6R2C6,2014-10-01,
CC6R2C7,A,cable_container,CBLC6R2C7,2014-10-01,
CC6R2C8,A,cable_container,CBLC6R2C8,2014-10-01,
CR1A1E,A,cable_receiverator_e,CBLR1A1E,2014-10-01,
CR1A1N,A,cable_receiverator_n,CBLR1A1N,2014-10-01,
CR1A2E,A,cable_receiverator_e,CBLR1A2E,2014-10-01,
CR1A2N,A,cable_receiverator_n,CBLR1A2N,2014-10-01,
CR1A3E,A,cable_receiverator_e,CBLR1A3E,2014-10-01,
CR1A3N,A,cable_receiverator_n,CBLR1A3N,2014-10-01,
CR1A4E,A,cable_receiverator_e,CBLR1A4E,2014-10-01,
CR1A4N,A,cable_receiverator_n,CBLR1A4N,2014-10-01,
CR1A5E,A,cable_receiverator_e,CBLR1A5E,2014-10-01,
CR1A5N,A,cable_receiverator_n,CBLR1A5N,2014-10-01,
CR1A6E,A,cable_receiverator_e,CBLR1A6E,2014-10-01,
CR1A6N,A,cable_receiverator_n,CBLR1A6N,2014-10-01,
CR1A7E,A,cable_receiverator_e,CBLR1A7E,2014-10-01,
CR1A7N,A,cable_receiverator_n,CBLR1A7N,2014-10-01,
CR1A8E,A,cable_receiverator_e,CBLR1A8E,2014-10-01,
CR1A8N,A,cable_receiverator_n,CBLR1A8N,2014-10-01,
CR1B1E,A,cable_receiverator_e,CBLR1B1E,2014-10-01,
CR1B1N,A,cable_receiverator_n,CBLR1B1N,2014-10-01,
CR1B2E,A,cable_receiverator_e,CBLR1B2E,2014-10-01,
CR1B2N,A,cable_receiverator_n,CBLR1B2N,2014-10-01,
CR1B3E,A,cable_receiverator_e,CBLR1B3E,2014-10-01,
CR1B3N,A,cable_receiverator_n,CBLR1B3N,2014-10-01,
CR1B4E,A,cable_receiverator_e,CBLR1B4E,2014-10-01,
CR1B4N,A,cable_receiverator_n,CBLR1B4N,2014-10-01,
CR1B5E,A,cable_receiverator_e,CBLR1B5E,2014-10-01,
CR1B5N,A,cable_receiverator_n,CBLR1B5N,2014-10-01,
CR1B6E,A,cable_receiverator_e,CBLR1B6E,2014-10-01,
CR1B6N,A,cable_receiverator_n,CBLR1B6N,2014-10-01,
CR1B7E,A,cable_receiverator_e,CBLR1B7E,2014-10-01,
CR1B7N,A,cable_receiverator_n,CBLR1B7N,2014-10-01,
CR1B8E,A,cable_receiverator_e,CBLR1B8E,2014-10-01,
CR1B8N,A,cable_receiverator_n,CBLR1B8N,2014-10-01,
CR2A1E,A,cable_receiverator_e,CBLR2A1E,2014-10-01,
CR2A1N,A,cable_receiverator_n,CBLR2A1N,2014-10-01,
CR2A2E,A,cable_receiverator_e,CBLR2A2E,2014-10-01,
CR2A2N,A,cable_receiverator_n,CBLR2A2N,2014-10-01,
CR2A3E,A,cable_receiverator_e,CBLR2A3E,2014-10-01,
CR2A3N,A,cable_receiverator_n,CBLR2A3N,2014-10-01,
CR2A4E,A,cable_receiverator_e,CBLR2A4E,2014-10-01,
CR2A4N,A,cable_receiverator_n,CBLR2A4N,2014-10-01,
CR2A5E,A,cable_receiverator_e,CBLR2A5E,2014-10-01,
CR2A5N,A,cable_receiverator_n,CBLR2A5N,2014-10-01,
CR2A6E,A,cable_receiverator_e,CBLR2A6E,2014-10-01,
CR2A6N,A,cable_receiverator_n,CBLR2A6N,2014-10-01,
CR2A7E,A,cable_receiverator_e,CBLR2A7E,2014-10-01,
CR2A7N,A,cable_receiverator_n,CBLR2A7N,2014-10-01,
CR2A8E,A,cable_receiverator_e,CBLR2A8E,2014-10-01,
CR2A8N,A,cable_receiverator_n,CBLR2A8N,2014-10-01,
CR2B1E,A,cable_receiverator_e,CBLR2B1E,2014-10-01,
CR2B1N,A,cable_receiverator_n,CBLR2B1N,2014-10-01,
CR2B2E,A,cable_receiverator_e,CBLR2B2E,2014-10-01,
CR2B2N,A,cable_receiverator_n,CBLR2B2N,2014-10-01,
CR2B3E,A,cable_receiverator_e,CBLR2B3E,2014-10-01,
CR2B3N,A,cable_receiverator_n,CBLR2B3N,2014-10-01,
CR2B4E,A,cable_receiverator_e,CBLR2B4E,2014-10-01,
CR2B4N,A,cable_receiverator_n,CBLR2B4N,2014-10-01,
CR2B5E,A,cable_receiverator_e,CBLR2B5E,2014-10-01,
CR2B5N,A,cable_receiverator_n,CBLR2B5N,2014-10-01,
CR2B6E,A,cable_receiverator_e,CBLR2B6E,2014-10-01,
CR2B6N,A,cable_receiverator_n,CBLR2B6N,2014-10-01,
CR2B7E,A,cable_receiverator_e,CBLR2B7E,2014-10-01,
CR2B7N,A,cable_receiverator_n,CBLR2B7N,2014-10-01,
CR2B8E,A,cable_receiverator_e,CBLR2B8E,2014-10-01,
CR2B8N,A,cable_receiverator_n,CBLR2B8N,2014-10-01,
CR3A1E,A,cable_receiverator_e,CBLR3A1E,2014-10-01,
CR3A1N,A,cable_receiverator_n,CBLR3A1N,2014-10-01,
CR3A2E,A,cable_receiverator_e,CBLR3A2E,2014-10-01,
CR3A2N,A,cable_receiverator_n,CBLR3A2N,2014-10-01,
CR3A3E,A,cable_receiverator_e,CBLR3A3E,2014-10-01,
CR3A3N,A,cable_receiverator_n,CBLR3A3N,2014-10-01,
CR3A4E,A,cable_receiverator_e,CBLR3A4E,2014-10-01,
CR3A4N,A,cable_receiverator_n,CBLR3A4N,2014-10-01,
CR3A5E,A,cable_receiverator_e,CBLR3A5E,2014-10-01,
CR3A5N,A,cable_receiverator_n,CBLR3A5N,2014-10-01,
CR3A6E,A,cable_receiverator_e,CBLR3A6E,2014-10-01,
CR3A6N,A,cable_receiverator_n,CBLR3A6N,2014-10-01,
CR3A7E,A,cable_receiverator_e,CBLR3A7E,2014-10-01,
CR3A7N,A,cable_receiverator_n,CBLR3A7N,2014-10-01,
CR3A8E,A,cable_receiverator_e,CBLR3A8E,2014-10-01,
CR3A8N,A,cable_receiverator_n,CBLR3A8N,2014-10-01,
CR3B1E,A,cable_receiverator_e,CBLR3B1E,2014-10-01,
CR3B1N,A,cable_receiverator_n,CBLR3B1N,2014-10-01,
CR3B2E,A,cable_receiverator_e,CBLR3B2E,2014-10-01,
CR3B2N,A,cable_receiverator_n,CBLR3B2N,2014-10-01,
CR3B3E,A,cable_receiverator_e,CBLR3B3E,2014-10-01,
CR3B3N,A,cable_receiverator_n,CBLR3B3N,2014-10-01,
CR3B4E,A,cable_receiverator_e,CBLR3B4E,2014-10-01,
CR3B4N,A,cable_receiverator_n,CBLR3B4N,2014-10-01,
CR3B5E,A,cable_receiverator_e,CBLR3B5E,2014-10-01,
CR3B5N,A,cable_receiverator_n,CBLR3B5N,2014-10-01,
CR3B6E,A,cable_receiverator_e,CBLR3B6E,2014-10-01,
CR3B6N,A,cable_receiverator_n,CBLR3B6N,2014-10-01,
CR3B7E,A,cable_receiverator_e,CBLR3B7E,2014-10-01,
CR3B7N,A,cable_receiverator_n,CBLR3B7N,2014-10-01,
CR4A1E,A,cable_receiverator_e,CBLR4A1E,2014-10-01,
CR4A1N,A,cable_receiverator_n,CBLR4A1N,2014-10-01,
CR4A2E,A,cable_receiverator_e,CBLR4A2E,2014-10-01,
CR4A2N,A,cable_receiverator_n,CBLR4A2N,2014-10-01,
CR4A3E,A,cable_receiverator_e,CBLR4A3E,2014-10-01,
CR4A3N,A,cable_receiverator_n,CBLR4A3N,2014-10-01,
CR4A4E,A,cable_receiverator_e,CBLR4A4E,2014-10-01,
CR4A4N,A,cable_receiverator_n,CBLR4A4N,2014-10-01,
CR4A5E,A,cable_receiverator_e,CBLR4A5E,2014-10-01,
CR4A5N,A,cable_receiverator_n,CBLR4A5N,2014-10-01,
CR4A6E,A,cable_receiverator_e,CBLR4A6E,2014-10-01,
CR4A6N,A,cable_receiverator_n,CBLR4A6N,2014-10-01,
CR4A7E,A,cable_receiverator_e,CBLR4A7E,2014-10-01,
CR4A7N,A,cable_receiverator_n,CBLR4A7N,2014-10-01,
CR4A8E,A,cable_receiverator_e,CBLR4A8E,2014-10-01,
CR4A8N,A,cable_receiverator_n,CBLR4A8N,2014-10-01,
CR4B1E,A,cable_receiverator_e,CBLR4B1E,2014-10-01,
CR4B1N,A,cable_receiverator_n,CBLR4B1N,2014-10-01,
CR4B2E,A,cable_receiverator_e,CBLR4B2E,2014-10-01,
CR4B2N,A,cable_receiverator_n,CBLR4B2N,2014-10-01,
CR4B3E,A,cable_receiverator_e,CBLR4B3E,2014-10-01,
CR4B3N,A,cable_receiverator_n,CBLR4B3N,2014-10-01,
CR4B4E,A,cable_receiverator_e,CBLR4B4E,2014-10-01,
CR4B4N,A,cable_receiverator_n,CBLR4B4N,2014-10-01,
CR4B5E,A,cable_receiverator_e,CBLR4B5E,2014-10-01,
CR4B5N,A,cable_receiverator_n,CBLR4B5N,2014-10-01,
CR4B6E,A,cable_receiverator_e,CBLR4B6E,2014-10-01,
CR4B6N,A,cable_receiverator_n,CBLR4B6N,2014-10-01,
CR4B7E,A,cable_receiverator_e,CBLR4B7E,2014-10-01,
CR4B7N,A,cable_receiverator_n,CBLR4B7N,2014-10-01,
CR4B8E,A,cable_receiverator_e,CBLR4B8E,2014-10-01,
CR4B8N,A,cable_receiverator_n,CBLR4B8N,2014-10-01,
CR5A1E,A,cable_receiverator_e,CBLR5A1E,2014-10-01,
CR5A1N,A,cable_receiverator_n,CBLR5A1N,2014-10-01,
CR5A2E,A,cable_receiverator_e,CBLR5A2E,2014-10-01,
CR5A2N,A,cable_receiverator_n,CBLR5A2N,2014-10-01,
CR5A3E,A,cable_receiverator_e,CBLR5A3E,2014-10-01,
CR5A3N,A,cable_receiverator_n,CBLR5A3N,2014-10-01,
CR5A4E,A,cable_receiverator_e,CBLR5A4E,2014-10-01,
CR5A4N,A,cable_receiverator_n,CBLR5A4N,2014-10-01,
CR5A5E,A,cable_receiverator_e,CBLR5A5E,2014-10-01,
CR5A5N,A,cable_receiverator_n,CBLR5A5N,2014-10-01,
CR5A6E,A,cable_receiverator_e,CBLR5A6E,2014-10-01,
CR5A6N,A,cable_receiverator_n,CBLR5A6N,2014-10-01,
CR5A7E,A,cable_receiverator_e,CBLR5A7E,2014-10-01,
CR5A7N,A,cable_receiverator_n,CBLR5A7N,2014-10-01,
CR5A8E,A,cable_receiverator_e,CBLR5A8E,2014-10-01,
CR5A8N,A,cable_receiverator_n,CBLR5A8N,2014-10-01,
CR5B1E,A,cable_receiverator_e,CBLR5B1E,2014-10-01,
CR5B1N,A,cable_receiverator_n,CBLR5B1N,2014-10-01,
CR5B2E,A,cable_receiverator_e,CBLR5B2E,2014-10-01,
CR5B2N,A,cable_receiverator_n,CBLR5B2N,2014-10-01,
CR5B3E,A,cable_receiverator_e,CBLR5B3E,2014-10-01,
CR5B3N,A,cable_receiverator_n,CBLR5B3N,2014-10-01,
CR5B4E,A,cable_receiverator_e,CBLR5B4E,2014-10-01,
CR5B4N,A,cable_receiverator_n,CBLR5B4N,2014-10-01,
CR5B5E,A,cable_receiverator_e,CBLR5B5E,2014-10-01,
CR5B5N,A,cable_receiverator_n,CBLR5B5N,2014-10-01,
CR5B6E,A,cable_receiverator_e,CBLR5B6E,2014-10-01,
CR5B6N,A,cable_receiverator_n,CBLR5B6N,2014-10-01,
CR5B7E,A,cable_receiverator_e,CBLR5B7E,2014-10-01,
CR5B7N,A,cable_receiverator_n,CBLR5B7N,2014-10-01,
CR5B8E,A,cable_receiverator_e,CBLR5B8E,2014-10-01,
CR5B8N,A,cable_receiverator_n,CBLR5B8N,2014-10-01,
CR6A1E,A,cable_receiverator_e,CBLR6A1E,2014-10-01,
CR6A1N,A,cable_receiverator_n,CBLR6A1N,2014-10-01,
CR6A2E,A,cable_receiverator_e,CBLR6A2E,2014-10-01,
CR6A2N,A,cable_receiverator_n,CBLR6A2N,2014-10-01,
CR6A3E,A,cable_receiverator_e,CBLR6A3E,2014-10-01,
CR6A3N,A,cable_receiverator_n,CBLR6A3N,2014-10-01,
CR6A4E,A,cable_receiverator_e,CBLR6A4E,2014-10-01,
CR6A4N,A,cable_receiverator_n,CBLR6A4N,2014-10-01,
CR6A5E,A,cable_receiverator_e,CBLR6A5E,2014-10-01,
CR6A5N,A,cable_receiverator_n,CBLR6A5N,2014-10-01,
CR6A6E,A,cable_receiverator_e,CBLR6A6E,2014-10-01,
CR6A6N,A,cable_receiverator_n,CBLR6A6N,2014-10-01,
CR6A7E,A,cable_receiverator_e,CBLR6A7E,2014-10-01,
CR6A7N,A,cable_receiverator_n,CBLR6A7N,2014-10-01,
CR6A8E,A,cable_receiverator_e,CBLR6A8E,2014-10-01,
CR6A8N,A,cable_receiverator_n,CBLR6A8N,2014-10-01,
CR6B1E,A,cable_receiverator_e,CBLR6B1E,2014-10-01,
CR6B1N,A,cable_receiverator_n,CBLR6B1N,2014-10-01,
CR6B2E,A,cable_receiverator_e,CBLR6B2E,2014-10-01,
CR6B2N,A,cable_receiverator_n,CBLR6B2N,2014-10-01,
CR6B3E,A,cable_receiverator_e,CBLR6B3E,2014-10-01,
CR6B3N,A,cable_receiverator_n,CBLR6B3N,2014-10-01,
CR6B4E,A,cable_receiverator_e,CBLR6B4E,2014-10-01,
CR6B4N,A,cable_receiverator_n,CBLR6B4N,2014-10-01,
CR6B5E,A,cable_receiverator_e,CBLR6B5E,2014-10-01,
CR6B5N,A,cable_receiverator_n,CBLR6B5N,2014-10-01,
CR6B6E,A,cable_receiverator_e,CBLR6B6E,2014-10-01,
CR6B6N,A,cable_receiverator_n,CBLR6B6N,2014-10-01,
CR6B7E,A,cable_receiverator_e,CBLR6B7E,2014-10-01,
CR6B7N,A,cable_receiverator_n,CBLR6B7N,2014-10-01,
CR6B8E,A,cable_receiverator_e,CBLR6B8E,2014-10-01,
CR6B8N,A,cable_receiverator_n,CBLR6B8N,2014-10-01,
CR7A1E,A,cable_receiverator_e,CBLR7A1E,2014-10-01,
CR7A1N,A,cable_receiverator_n,CBLR7A1N,2014-10-01,
CR7A2E,A,cable_receiverator_e,CBLR7A2E,2014-10-01,
CR7A2N,A,cable_receiverator_n,CBLR7A2N,2014-10-01,
CR7A3E,A,cable_receiverator_e,CBLR7A3E,2014-10-01,
CR7A3N,A,cable_receiverator_n,CBLR7A3N,2014-10-01,
CR7A4E,A,cable_receiverator_e,CBLR7A4E,2014-10-01,
CR7A4N,A,cable_receiverator_n,CBLR7A4N,2014-10-01,
CR7A5E,A,cable_receiverator_e,CBLR7A5E,2014-10-01,
CR7A5N,A,cable_receiverator_n,CBLR7A5N,2014-10-01,
CR7A6E,A,cable_receiverator_e,CBLR7A6E,2014-10-01,
CR7A6N,A,cable_receiverator_n,CBLR7A6N,2014-10-01,
CR7A7E,A,cable_receiverator_e,CBLR7A7E,2014-10-01,
CR7A7N,A,cable_receiverator_n,CBLR7A7N,2014-10-01,
CR7A8E,A,cable_receiverator_e,CBLR7A8E,2014-10-01,
CR7A8N,A,cable_receiverator_n,CBLR7A8N,2014-10-01,
CR7B1E,A,cable_receiverator_e,CBLR7B1E,2014-10-01,
CR7B1N,A,cable_receiverator_n,CBLR7B1N,2014-10-01,
CR7B2E,A,cable_receiverator_e,CBLR7B2E,2014-10-01,
CR7B2N,A,cable_receiverator_n,CBLR7B2N,2014-10-01,
CR7B3E,A,cable_receiverator_e,CBLR7B3E,2014-10-01,
CR7B3N,A,cable_receiverator_n,CBLR7B3N,2014-10-01,
CR7B4E,A,cable_receiverator_e,CBLR7B4E,2014-10-01,
CR7B4N,A,cable_receiverator_n,CBLR7B4N,2014-10-01,
CR7B5E,A,cable_receiverator_e,CBLR7B5E,2014-10-01,
CR7B5N,A,cable_receiverator_n,CBLR7B5N,2014-10-01,
CR7B6E,A,cable_receiverator_e,CBLR7B6E,2014-10-01,
CR7B6N,A,cable_receiverator_n,CBLR7B6N,2014-10-01,
CR7B7E,A,cable_receiverator_e,CBLR7B7E,2014-10-01,
CR7B7N,A,cable_receiverator_n,CBLR7B7N,2014-10-01,
CR7B8E,A,cable_receiverator_e,CBLR7B8E,2014-10-01,
CR7B8N,A,cable_receiverator_n,CBLR7B8N,2014-10-01,
CR8A1E,A,cable_receiverator_e,CBLR8A1E,2014-10-01,
CR8A1N,A,cable_receiverator_n,CBLR8A1N,2014-10-01,
CR8A2E,A,cable_receiverator_e,CBLR8A2E,2014-10-01,
CR8A2N,A,cable_receiverator_n,CBLR8A2N,2014-10-01,
CR8A3E,A,cable_receiverator_e,CBLR8A3E,2014-10-01,
CR8A3N,A,cable_receiverator_n,CBLR8A3N,2014-10-01,
CR8A4E,A,cable_receiverator_e,CBLR8A4E,2014-10-01,
CR8A4N,A,cable_receiverator_n,CBLR8A4N,2014-10-01,
CR8A5E,A,cable_receiverator_e,CBLR8A5E,2014-10-01,
CR8A5N,A,cable_receiverator_n,CBLR8A5N,2014-10-01,
CR8A6E,A,cable_receiverator_e,CBLR8A6E,2014-10-01,
CR8A6N,A,cable_receiverator_n,CBLR8A6N,2014-10-01,
CR8A7E,A,cable_receiverator_e,CBLR8A7E,2014-10-01,
CR8A7N,A,cable_receiverator_n,CBLR8A7N,2014-10-01,
CR8A8E,A,cable_receiverator_e,CBLR8A8E,2014-10-01,
CR8A8N,A,cable_receiverator_n,CBLR8A8N,2014-10-01,
CR8B1E,A,cable_receiverator_e,CBLR8B1E,2014-10-01,
CR8B1N,A,cable_receiverator_n,CBLR8B1N,2014-10-01,
CR8B2E,A,cable_receiverator_e,CBLR8B2E,2014-10-01,
CR8B2N,A,cable_receiverator_n,CBLR8B2N,2014-10-01,
CR8B3E,A,cable_receiverator_e,CBLR8B3E,2014-10-01,
CR8B3N,A,cable_receiverator_n,CBLR8B3N,2014-10-01,
CR8B4E,A,cable_receiverator_e,CBLR8B4E,2014-10-01,
CR8B4N,A,cable_receiverator_n,CBLR8B4N,2014-10-01,
CR8B5E,A,cable_receiverator_e,CBLR8B5E,2014-10-01,
CR8B5N,A,cable_receiverator_n,CBLR8B5N,2014-10-01,
CR8B6E,A,cable_receiverator_e,CBLR8B6E,2014-10-01,
CR8B6N,A,cable_receiverator_n,CBLR8B6N,2014-10-01,
CR8B7E,A,cable_receiverator_e,CBLR8B7E,2014-10-01,
CR8B7N,A,cable_receiverator_n,CBLR8B7N,2014-10-01,
CR8B8E,A,cable_receiverator_e,CBLR8B8E,2014-10-01,
CR8B8N,A,cable_receiverator_n,CBLR8B8N,2014-10-01,
DF1A1,A,f_engine,PF1A1,2014-10-01,
DF1A2,A,f_engine,PF1A2,2014-10-01,
DF1A3,A,f_engine,PF1A3,2014-10-01,
DF1A4,A,f_engine,PF1A4,2014-10-01,
DF1B1,A,f_engine,PF1B1,2014-10-01,
DF1B2,A,f_engine,PF1B2,2014-10-01,
DF1B3,A,f_engine,PF1B3,2014-10-01,
DF1B4,A,f_engine,PF1B4,2014-10-01,
DF1C1,A,f_engine,PF1C1,2014-10-01,
DF1C2,A,f_engine,PF1C2,2014-10-01,
DF1D1,A,f_engine,PF1D1,2014-10-01,
DF1D2,A,f_engine,PF1D2,2014-10-01,
DF1D3,A,f_engine,PF1D3,2014-10-01,
DF1D4,A,f_engine,PF1D4,2014-10-01,
DF1E1,A,f_engine,PF1E1,2014-10-01,
DF1E2,A,f_engine,PF1E2,2014-10-01,
DF1E3,A,f_engine,PF1E3,2014-10-01,
DF1E4,A,f_engine,PF1E4,2014-10-01,
DF1F1,A,f_engine,PF1F1,2014-10-01,
DF1F2,A,f_engine,PF1F2,2014-10-01,
DF1F3,A,f_engine,PF1F3,2014-10-01,
DF1F4,A,f_engine,PF1F4,2014-10-01,
DF1G1,A,f_engine,PF1G1,2014-10-01,
DF1G2,A,f_engine,PF1G2,2014-10-01,
DF1G3,A,f_engine,PF1G3,2014-10-01,
DF1G4,A,f_engine,PF1G4,2014-10-01,
DF1H1,A,f_engine,PF1H1,2014-10-01,
DF1H2,A,f_engine,PF1H2,2014-10-01,
DF1H3,A,f_engine,PF1H3,2014-10-01,
DF1H4,A,f_engine,PF1H4,2014-10-01,
DF2A1,A,f_engine,PF2A1,2014-10-01,
DF2A2,A,f_engine,PF2A2,2014-10-01,
DF2A3,A,f_engine,PF2A3,2014-10-01,
DF2A4,A,f_engine,PF2A4,2014-10-01,
DF2B1,A,f_engine,PF2B1,2014-10-01,
DF2B2,A,f_engine,PF2B2,2014-10-01,
DF2B3,A,f_engine,PF2B3,2014-10-01,
DF2B4,A,f_engine,PF2B4,2014-10-01,
DF2C1,A,f_engine,PF2C1,2014-10-01,
DF2C2,A,f_engine,PF2C2,2014-10-01,
DF2C3,A,f_engine,PF2C3,2014-10-01,
DF2C4,A,f_engine,PF2C4,2014-10-01,
DF2D1,A,f_engine,PF2D1,2014-10-01,
DF2D2,A,f_engine,PF2D2,2014-10-01,
DF2D3,A,f_engine,PF2D3,2014-10-01,
DF2D4,A,f_engine,PF2D4,2014-10-01,
DF2E2,A,f_engine,PF2E2,2014-10-01,
DF2E3,A,f_engine,PF2E3,2014-10-01,
DF2E4,A,f_engine,PF2E4,2014-10-01,
DF2F1,A,f_engine,PF2F1,2014-10-01,
DF2F2,A,f_engine,PF2F2,2014-10-01,
DF2F3,A,f_engine,PF2F3,2014-10-01,
DF2F4,A,f_engine,PF2F4,2014-10-01,
DF2G1,A,f_engine,PF2G1,2014-10-01,
DF2G2,A,f_engine,PF2G2,2014-10-01,
DF2G3,A,f_engine,PF2G3,2014-10-01,
DF2G4,A,f_engine,PF2G4,2014-10-01,
DF2H1,A,f_engine,PF2H1,2014-10-01,
DF2H2,A,f_engine,PF2H2,2014-10-01,
DF2H3,A,f_engine,PF2H3,2014-10-01,
DF2H4,A,f_engine,PF2H4,2014-10-01,
DF3A1,A,f_engine,PF3A1,2014-10-01,
DF3A2,A,f_engine,PF3A2,2014-10-01,
DF3A3,A,f_engine,PF3A3,2014-10-01,
DF3A4,A,f_engine,PF3A4,2014-10-01,
DF3B1,A,f_engine,PF3B1,2014-10-01,
DF3B2,A,f_engine,PF3B2,2014-10-01,
DF3B3,A,f_engine,PF3B3,2014-10-01,
DF3B4,A,f_engine,PF3B4,2014-10-01,
DF3C1,A,f_engine,PF3C1,2014-10-01,
DF3C2,A,f_engine,PF3C2,2014-10-01,
DF3C3,A,f_engine,PF3C3,2014-10-01,
DF3C4,A,f_engine,PF3C4,2014-10-01,
DF3D1,A,f_engine,PF3D1,2014-10-01,
DF3D2,A,f_engine,PF3D2,2014-10-01,
DF3D3,A,f_engine,PF3D3,2014-10-01,
DF3D4,A,f_engine,PF3D4,2014-10-01,
DF3E1,A,f_engine,PF3E1,2014-10-01,
DF3E2,A,f_engine,PF3E2,2014-10-01,
DF3E3,A,f_engine,PF3E3,2014-10-01,
DF3E4,A,f_engine,PF3E4,2014-10-01,
DF3F1,A,f_engine,PF3F1,2014-10-01,
DF3F2,A,f_engine,PF3F2,2014-10-01,
DF3F3,A,f_engine,PF3F3,2014-10-01,
DF3F4,A,f_engine,PF3F4,2014-10-01,
DF3G1,A,f_engine,PF3G1,2014-10-01,
DF3G2,A,f_engine,PF3G2,2014-10-01,
DF3G3,A,f_engine,PF3G3,2014-10-01,
DF3G4,A,f_engine,PF3G4,2014-10-01,
DF3H1,A,f_engine,PF3H1,2014-10-01,
DF3H2,A,f_engine,PF3H2,2014-10-01,
DF3H3,A,f_engine,PF3H3,2014-10-01,
DF3H4,A,f_engine,PF3H4,2014-10-01,
DF4A1,A,f_engine,PF4A1,2014-10-01,
DF4A2,A,f_engine,PF4A2,2014-10-01,
DF4A3,A,f_engine,PF4A3,2014-10-01,
DF4A4,A,f_engine,PF4A4,2014-10-01,
DF4B1,A,f_engine,PF4B1,2014-10-01,
DF4B2,A,f_engine,PF4B2,2014-10-01,
DF4B3,A,f_engine,PF4B3,2014-10-01,
DF4B4,A,f_engine,PF4B4,2014-10-01,
DF4C1,A,f_engine,PF4C1,2014-10-01,
DF4C2,A,f_engine,PF4C2,2014-10-01,
DF4C3,A,f_engine,PF4C3,2014-10-01,
DF4C4,A,f_engine,PF4C4,2014-10-01,
DF4D1,A,f_engine,PF4D1,2014-10-01,
DF4D2,A,f_engine,PF4D2,2014-10-01,
DF4D3,A,f_engine,PF4D3,2014-10-01,
DF4D4,A,f_engine,PF4D4,2014-10-01,
DF4E1,A,f_engine,PF4E1,2014-10-01,
DF4E2,A,f_engine,PF4E2,2014-10-01,
DF4E3,A,f_engine,PF4E3,2014-10-01,
DF4E4,A,f_engine,PF4E4,2014-10-01,
DF4F1,A,f_engine,PF4F1,2014-10-01,
DF4F2,A,f_engine,PF4F2,2014-10-01,
DF4F3,A,f_engine,PF4F3,2014-10-01,
DF4F4,A,f_engine,PF4F4,2014-10-01,
DF4G1,A,f_engine,PF4G1,2014-10-01,
DF4G2,A,f_engine,PF4G2,2014-10-01,
DF4G3,A,f_engine,PF4G3,2014-10-01,
DF4G4,A,f_engine,PF4G4,2014-10-01,
DF4H1,A,f_engine,PF4H1,2014-10-01,
DF4H2,A,f_engine,PF4H2,2014-10-01,
DF4H3,A,f_engine,PF4H3,2014-10-01,
DF4H4,A,f_engine,PF4H4,2014-10-01,
DF5A1,A,f_engine,PF5A1,2014-10-01,
DF5A2,A,f_engine,PF5A2,2014-10-01,
DF5A3,A,f_engine,PF5A3,2014-10-01,
DF5A4,A,f_engine,PF5A4,2014-10-01,
DF5B1,A,f_engine,PF5B1,2014-10-01,
DF5B2,A,f_engine,PF5B2,2014-10-01,
DF5B3,A,f_engine,PF5B3,2014-10-01,
DF5B4,A,f_engine,PF5B4,2014-10-01,
DF5C1,A,f_engine,PF5C1,2014-10-01,
DF5C2,A,f_engine,PF5C2,2014-10-01,
DF5C3,A,f_engine,PF5C3,2014-10-01,
DF5C4,A,f_engine,PF5C4,2014-10-01,
DF5D1,A,f_engine,PF5D1,2014-10-01,
DF5D2,A,f_engine,PF5D2,2014-10-01,
DF5D3,A,f_engine,PF5D3,2014-10-01,
DF5D4,A,f_engine,PF5D4,2014-10-01,
DF5E1,A,f_engine,PF5E1,2014-10-01,
DF5E2,A,f_engine,PF5E2,2014-10-01,
DF5E3,A,f_engine,PF5E3,2014-10-01,
DF5E4,A,f_engine,PF5E4,2014-10-01,
DF5F1,A,f_engine,PF5F1,2014-10-01,
DF5F2,A,f_engine,PF5F2,2014-10-01,
DF5F3,A,f_engine,PF5F3,2014-10-01,
DF5F4,A,f_engine,PF5F4,2014-10-01,
DF5G1,A,f_engine,PF5G1,2014-10-01,
DF5G2,A,f_engine,PF5G2,2014-10-01,
DF5G3,A,f_engine,PF5G3,2014-10-01,
DF5G4,A,f_engine,PF5G4,2014-10-01,
DF5H1,A,f_engine,PF5H1,2014-10-01,
DF5H2,A,f_engine,PF5H2,2014-10-01,
DF5H3,A,f_engine,PF5H3,2014-10-01,
DF5H4,A,f_engine,PF5H4,2014-10-01,
DF6A1,A,f_engine,PF6A1,2014-10-01,
DF6A2,A,f_engine,PF6A2,2014-10-01,
DF6A3,A,f_engine,PF6A3,2014-10-01,
DF6A4,A,f_engine,PF6A4,2014-10-01,
DF6B1,A,f_engine,PF6B1,2014-10-01,
DF6B2,A,f_engine,PF6B2,2014-10-01,
DF6B3,A,f_engine,PF6B3,2014-10-01,
DF6B4,A,f_engine,PF6B4,2014-10-01,
DF6C1,A,f_engine,PF6C1,2014-10-01,
DF6C2,A,f_engine,PF6C2,2014-10-01,
DF6C3,A,f_engine,PF6C3,2014-10-01,
DF6C4,A,f_engine,PF6C4,2014-10-01,
DF6D1,A,f_engine,PF6D1,2014-10-01,
DF6D2,A,f_engine,PF6D2,2014-10-01,
DF6D3,A,f_engine,PF6D3,2014-10-01,
DF6D4,A,f_engine,PF6D4,2014-10-01,
DF6E1,A,f_engine,PF6E1,2014-10-01,
DF6E2,A,f_engine,PF6E2,2014-10-01,
DF6E3,A,f_engine,PF6E3,2014-10-01,
DF6E4,A,f_engine,PF6E4,2014-10-01,
DF6F1,A,f_engine,PF6F1,2014-10-01,
DF6F2,A,f_engine,PF6F2,2014-10-01,
DF6F3,A,f_engine,PF6F3,2014-10-01,
DF6F4,A,f_engine,PF6F4,2014-10-01,
DF6G1,A,f_engine,PF6G1,2014-10-01,
DF6G2,A,f_engine,PF6G2,2014-10-01,
DF6G3,A,f_engine,PF6G3,2014-10-01,
DF6G4,A,f_engine,PF6G4,2014-10-01,
DF6H1,A,f_engine,PF6H1,2014-10-01,
DF6H2,A,f_engine,PF6H2,2014-10-01,
DF6H3,A,f_engine,PF6H3,2014-10-01,
DF6H4,A,f_engine,PF6H4,2014-10-01,
DF7A1,A,f_engine,PF7A1,2014-10-01,
DF7A2,A,f_engine,PF7A2,2014-10-01,
DF7A3,A,f_engine,PF7A3,2014-10-01,
DF7A4,A,f_engine,PF7A4,2014-10-01,
DF7B1,A,f_engine,PF7B1,2014-10-01,
DF7B2,A,f_engine,PF7B2,2014-10-01,
DF7B3,A,f_engine,PF7B3,2014-10-01,
DF7B4,A,f_engine,PF7B4,2014-10-01,
DF7C1,A,f_engine,PF7C1,2014-10-01,
DF7C2,A,f_engine,PF7C2,2014-10-01,
DF7C3,A,f_engine,PF7C3,2014-10-01,
DF7C4,A,f_engine,PF7C4,2014-10-01,
DF7D1,A,f_engine,PF7D1,2014-10-01,
DF7D2,A,f_engine,PF7D2,2014-10-01,
DF7D3,A,f_engine,PF7D3,2014-10-01,
DF7D4,A,f_engine,PF7D4,2014-10-01,
DF7E1,A,f_engine,PF7E1,2014-10-01,
DF7E2,A,f_engine,PF7E2,2014-10-01,
DF7E3,A,f_engine,PF7E3,2014-10-01,
DF7E4,A,f_engine,PF7E4,2014-10-01,
DF7F1,A,f_engine,PF7F1,2014-10-01,
DF7F2,A,f_engine,PF7F2,2014-10-01,
DF7F3,A,f_engine,PF7F3,2014-10-01,
DF7F4,A,f_engine,PF7F4,2014-10-01,
DF7G1,A,f_engine,PF7G1,2014-10-01,
DF7G2,A,f_engine,PF7G2,2014-10-01,
DF7G3,A,f_engine,PF7G3,2014-10-01,
DF7G4,A,f_engine,PF7G4,2014-10-01,
DF7H1,A,f_engine,PF7H1,2014-10-01,
DF7H2,A,f_engine,PF7H2,2014-10-01,
DF7H3,A,f_engine,PF7H3,2014-10-01,
DF7H4,A,f_engine,PF7H4,2014-10-01,
DF8A1,A,f_engine,PF8A1,2014-10-01,
DF8A2,A,f_engine,PF8A2,2014-10-01,
DF8A3,A,f_engine,PF8A3,2014-10-01,
DF8A4,A,f_engine,PF8A4,2014-10-01,
DF8B1,A,f_engine,PF8B1,2014-10-01,
DF8B2,A,f_engine,PF8B2,2014-10-01,
DF8B3,A,f_engine,PF8B3,2014-10-01,
DF8B4,A,f_engine,PF8B4,2014-10-01,
DF8C1,A,f_engine,PF8C1,2014-10-01,
DF8C2,A,f_engine,PF8C2,2014-10-01,
DF8C3,A,f_engine,PF8C3,2014-10-01,
DF8C4,A,f_engine,PF8C4,2014-10-01,
DF8D1,A,f_engine,PF8D1,2014-10-01,
DF8D2,A,f_engine,PF8D2,2014-10-01,
DF8D3,A,f_engine,PF8D3,2014-10-01,
DF8D4,A,f_engine,PF8D4,2014-10-01,
DF8E1,A,f_engine,PF8E1,2014-10-01,
DF8E2,A,f_engine,PF8E2,2014-10-01,
DF8E3,A,f_engine,PF8E3,2014-10-01,
DF8E4,A,f_engine,PF8E4,2014-10-01,
DF8F1,A,f_engine,PF8F1,2014-10-01,
DF8F2,A,f_engine,PF8F2,2014-10-01,
DF8F3,A,f_engine,PF8F3,2014-10-01,
DF8F4,A,f_engine,PF8F4,2014-10-01,
DF8G1,A,f_engine,PF8G1,2014-10-01,
DF8G2,A,f_engine,PF8G2,2014-10-01,
DF8G3,A,f_engine,PF8G3,2014-10-01,
DF8G4,A,f_engine,PF8G4,2014-10-01,
DF8H1,A,f_engine,PF8H1,2014-10-01,
DF8H2,A,f_engine,PF8H2,2014-10-01,
DF8H3,A,f_engine,PF8H3,2014-10-01,
DF8H4,A,f_engine,PF8H4,2014-10-01,
FDA10,A,feed,P10,2014-10-01,
FDA104,A,feed,P104,2014-10-01,
FDA105,A,feed,P105,2014-10-01,
FDA112,A,feed,P112,2014-10-01,
FDA20,A,feed,P20,2014-10-01,
FDA22,A,feed,P22,2014-10-01,
FDA31,A,feed,P31,2014-10-01,
FDA43,A,feed,P43,2014-10-01,
FDA53,A,feed,P53,2014-10-01,
FDA64,A,feed,P64,2014-10-01,
FDA65,A,feed,P65,2014-10-01,
FDA72,A,feed,P72,2014-10-01,
FDA80,A,feed,P80,2014-10-01,
FDA81,A,feed,P81,2014-10-01,
FDA88,A,feed,P88,2014-10-01,
FDA89,A,feed,P89,2014-10-01,
FDA9,A,feed,P9,2014-10-01,
FDA96,A,feed,P96,2014-10-01,
FDA97,A,feed,P97,2014-10-01,
FDP0,A,feed,P0,2014-10-01,
FDP1,A,feed,P1,2014-10-01,
FDP100,A,feed,P100,2014-10-01,
FDP101,A,feed,P101,2014-10-01,
FDP102,A,feed,P102,2014-10-01,
FDP103,A,feed,P103,2014-10-01,
FDP106,A,feed,P106,2014-10-01,
FDP107,A,feed,P107,2014-10-01,
FDP108,A,feed,P108,2014-10-01,
FDP109,A,feed,P109,2014-10-01,
FDP11,A,feed,P11,2014-10-01,
FDP110,A,feed,P110,2014-10-01,
FDP111,A,feed,P111,2014-10-01,
FDP113,A,feed,P113,2014-10-01,
FDP114,A,feed,P114,2014-10-01,
FDP115,A,feed,P115,2014-10-01,
FDP116,A,feed,P116,2014-10-01,
FDP117,A,feed,P117,2014-10-01,
FDP118,A,feed,P118,2014-10-01,
FDP119,A,feed,P119,2014-10-01,
FDP12,A,feed,P12,2014-10-01,
FDP120,A,feed,P120,2014-10-01,
FDP121,A,feed,P121,2014-10-01,
FDP122,A,feed,P122,2014-10-01,
FDP123,A,feed,P123,2014-10-01,
FDP124,A,feed,P124,2014-10-01,
FDP125,A,feed,P125,2014-10-01,
FDP126,A,feed,P126,2014-10-01,
FDP127,A,feed,P127,2014-10-01,
FDP13,A,feed,P13,2014-10-01,
FDP14,A,feed,P14,2014-10-01,
FDP15,A,feed,P15,2014-10-01,
FDP16,A,feed,P16,2014-10-01,
FDP17,A,feed,P17,2014-10-01,
FDP18,A,feed,P18,2014-10-01,
FDP19,A,feed,P19,2014-10-01,
FDP2,A,feed,P2,2014-10-01,
FDP21,A,feed,P21,2014-10-01,
FDP23,A,feed,P23,2014-10-01,
FDP24,A,feed,P24,2014-10-01,
FDP25,A,feed,P25,2014-10-01,
FDP26,A,feed,P26,2014-10-01,
FDP27,A,feed,P27,2014-10-01,
FDP28,A,feed,P28,2014-10-01,
FDP29,A,feed,P29,2014-10-01,
FDP3,A,feed,P3,2014-10-01,
FDP30,A,feed,P30,2014-10-01,
FDP32,A,feed,P32,2014-10-01,
FDP33,A,feed,P33,2014-10-01,
FDP34,A,feed,P34,2014-10-01,
FDP35,A,feed,P35,2014-10-01,
FDP36,A,feed,P36,2014-10-01,
FDP37,A,feed,P37,2014-10-01,
FDP38,A,feed,P38,2014-10-01,
FDP39,A,feed,P39,2014-10-01,
FDP4,A,feed,P4,2014-10-01,
FDP40,A,feed,P40,2014-10-01,
FDP41,A,feed,P41,2014-10-01,
FDP42,A,feed,P42,2014-10-01,
FDP44,A,feed,P44,2014-10-01,
FDP45,A,feed,P45,2014-10-01,
FDP46,A,feed,P46,2014-10-01,
FDP47,A,feed,P47,2014-10-01,
FDP48,A,feed,P48,2014-10-01,
FDP49,A,feed,P49,2014-10-01,
FDP5,A,feed,P5,2014-10-01,
FDP50,A,feed,P50,2014-10-01,
FDP51,A,feed,P51,2014-10-01,
FDP52,A,feed,P52,2014-10-01,
FDP54,A,feed,P54,2014-10-01,
FDP55,A,feed,P55,2014-10-01,
FDP56,A,feed,P56,2014-10-01,
FDP57,A,feed,P57,2014-10-01,
FDP58,A,feed,P58,2014-10-01,
FDP59,A,feed,P59,2014-10-01,
FDP6,A,feed,P6,2014-10-01,
FDP60,A,feed,P60,2014-10-01,
FDP61,A,feed,P61,2014-10-01,
FDP62,A,feed,P62,2014-10-01,
FDP63,A,feed,P63,2014-10-01,
FDP66,A,feed,P66,2014-10-01,
FDP67,A,feed,P67,2014-10-01,
FDP68,A,feed,P68,2014-10-01,
FDP69,A,feed,P69,2014-10-01,
FDP7,A,feed,P7,2014-10-01,
FDP70,A,feed,P70,2014-10-01,
FDP71,A,feed,P71,2014-10-01,
FDP73,A,feed,P73,2014-10-01,
FDP74,A,feed,P74,2014-10-01,
FDP75,A,feed,P75,2014-10-01,
FDP76,A,feed,P76,2014-10-01,
FDP77,A,feed,P77,2014-10-01,
FDP78,A,feed,P78,2014-10-01,
FDP79,A,feed,P79,2014-10-01,
FDP8,A,feed,P8,2014-10-01,
FDP82,A,feed,P82,2014-10-01,
FDP83,A,feed,P83,2014-10-01,
FDP84,A,feed,P84,2014-10-01,
FDP85,A,feed,P85,2014-10-01,
FDP86,A,feed,P86,2014-10-01,
FDP87,A,feed,P87,2014-10-01,
FDP90,A,feed,P90,2014-10-01,
FDP91,A,feed,P91,2014-10-01,
FDP92,A,feed,P92,2014-10-01,
FDP93,A,feed,P93,2014-10-01,
FDP94,A,feed,P94,2014-10-01,
FDP95,A,feed,P95,2014-10-01,
FDP98,A,feed,P98,2014-10-01,
FDP99,A,feed,P99,2014-10-01,
FEA0,A,frontend,P0,2014-10-01,
FEA1,A,frontend,P1,2014-10-01,
FEA10,A,frontend,P10,2014-10-01,
FEA100,A,frontend,P100,2014-10-01,
FEA101,A,frontend,P101,2014-10-01,
FEA102,A,frontend,P102,2014-10-01,
FEA103,A,frontend,P103,2014-10-01,
FEA104,A,frontend,P104,2014-10-01,
FEA105,A,frontend,P105,2014-10-01,
FEA106,A,frontend,P106,2014-10-01,
FEA107,A,frontend,P107,2014-10-01,
FEA108,A,frontend,P108,2014-10-01,
FEA109,A,frontend,P109,2014-10-01,
FEA11,A,frontend,P11,2014-10-01,
FEA110,A,frontend,P110,2014-10-01,
FEA111,A,frontend,P111,2014-10-01,
FEA112,A,frontend,P112,2014-10-01,
FEA113,A,frontend,P113,2014-10-01,
FEA114,A,frontend,P114,2014-10-01,
FEA115,A,frontend,P115,2014-10-01,
FEA116,A,frontend,P116,2014-10-01,
FEA117,A,frontend,P117,2014-10-01,
FEA118,A,frontend,P118,2014-10-01,
FEA119,A,frontend,P119,2014-10-01,
FEA12,A,frontend,P12,2014-10-01,
FEA120,A,frontend,P120,2014-10-01,
FEA121,A,frontend,P121,2014-10-01,
FEA122,A,frontend,P122,2014-10-01,
FEA123,A,frontend,P123,2014-10-01,
FEA124,A,frontend,P124,2014-10-01,
FEA125,A,frontend,P125,2014-10-01,
FEA126,A,frontend,P126,2014-10-01,
FEA127,A,frontend,P127,2014-10-01,
FEA13,A,frontend,P13,2014-10-01,
FEA14,A,frontend,P14,2014-10-01,
FEA15,A,frontend,P15,2014-10-01,
FEA16,A,frontend,P16,2014-10-01,
FEA17,A,frontend,P17,2014-10-01,
FEA18,A,frontend,P18,2014-10-01,
FEA19,A,frontend,P19,2014-10-01,
FEA2,A,frontend,P2,2014-10-01,
FEA20,A,frontend,P20,2014-10-01,
FEA21,A,frontend,P21,2014-10-01,
FEA22,A,frontend,P22,2014-10-01,
FEA23,A,frontend,P23,2014-10-01,
FEA24,A,frontend,P24,2014-10-01,
FEA25,A,frontend,P25,2014-10-01,
FEA26,A,frontend,P26,2014-10-01,
FEA27,A,frontend,P27,2014-10-01,
FEA28,A,frontend,P28,2014-10-01,
FEA29,A,frontend,P29,2014-10-01,
FEA3,A,frontend,P3,2014-10-01,
FEA30,A,frontend,P30,2014-10-01,
FEA31,A,frontend,P31,2014-10-01,
FEA32,A,frontend,P32,2014-10-01,
FEA33,A,frontend,P33,2014-10-01,
FEA34,A,frontend,P34,2014-10-01,
FEA35,A,frontend,P35,2014-10-01,
FEA36,A,frontend,P36,2014-10-01,
FEA37,A,frontend,P37,2014-10-01,
FEA38,A,frontend,P38,2014-10-01,
FEA39,A,frontend,P39,2014-10-01,
FEA4,A,frontend,P4,2014-10-01,
FEA40,A,frontend,P40,2014-10-01,
FEA41,A,frontend,P41,2014-10-01,
FEA42,A,frontend,P42,2014-10-01,
FEA43,A,frontend,P43,2014-10-01,
FEA44,A,frontend,P44,2014-10-01,
FEA45,A,frontend,P45,2014-10-01,
FEA46,A,frontend,P46,2014-10-01,
FEA47,A,frontend,P47,2014-10-01,
FEA48,A,frontend,P48,2014-10-01,
FEA49,A,frontend,P49,2014-10-01,
FEA5,A,frontend,P5,2014-10-01,
FEA50,A,frontend,P50,2014-10-01,
FEA51,A,frontend,P51,2014-10-01,
FEA52,A,frontend,P52,2014-10-01,
FEA53,A,frontend,P53,2014-10-01,
FEA54,A,frontend,P54,2014-10-01,
FEA55,A,frontend,P55,2014-10-01,
FEA56,A,frontend,P56,2014-10-01,
FEA57,A,frontend,P57,2014-10-01,
FEA58,A,frontend,P58,2014-10-01,
FEA59,A,frontend,P59,2014-10-01,
FEA6,A,frontend,P6,2014-10-01,
FEA60,A,frontend,P60,2014-10-01,
FEA61,A,frontend,P61,2014-10-01,
FEA62,A,frontend,P62,2014-10-01,
FEA63,A,frontend,P63,2014-10-01,
FEA64,A,frontend,P64,2014-10-01,
FEA65,A,frontend,P65,2014-10-01,
FEA66,A,frontend,P66,2014-10-01,
FEA67,A,frontend,P67,2014-10-01,
FEA68,A,frontend,P68,2014-10-01,
FEA69,A,frontend,P69,2014-10-01,
FEA7,A,frontend,P7,2014-10-01,
FEA70,A,frontend,P70,2014-10-01,
FEA71,A,frontend,P71,2014-10-01,
FEA72,A,frontend,P72,2014-10-01,
FEA73,A,frontend,P73,2014-10-01,
FEA74,A,frontend,P74,2014-10-01,
FEA75,A,frontend,P75,2014-10-01,
FEA76,A,frontend,P76,2014-10-01,
FEA77,A,frontend,P77,2014-10-01,
FEA78,A,frontend,P78,2014-10-01,
FEA79,A,frontend,P79,2014-10-01,
FEA8,A,frontend,P8,2014-10-01,
FEA80,A,frontend,P80,2014-10-01,
FEA81,A,frontend,P81,2014-10-01,
FEA82,A,frontend,P82,2014-10-01,
FEA83,A,frontend,P83,2014-10-01,
FEA84,A,frontend,P84,2014-10-01,
FEA85,A,frontend,P85,2014-10-01,
FEA86,A,frontend,P86,2014-10-01,
FEA87,A,frontend,P87,2014-10-01,
FEA88,A,frontend,P88,2014-10-01,
FEA89,A,frontend,P89,2014-10-01,
FEA9,A,frontend,P9,2014-10-01,
FEA90,A,frontend,P90,2014-10-01,
FEA91,A,frontend,P91,2014-10-01,
FEA92,A,frontend,P92,2014-10-01,
FEA93,A,frontend,P93,2014-10-01,
FEA94,A,frontend,P94,2014-10-01,
FEA95,A,frontend,P95,2014-10-01,
FEA96,A,frontend,P96,2014-10-01,
FEA97,A,frontend,P97,2014-10-01,
FEA98,A,frontend,P98,2014-10-01,
FEA99,A,frontend,P99,2014-10-01,
HH0,A,station,P80,2014-10-01,
HH1,A,station,P104,2014-10-01,
HH11,A,station,P64,2014-10-01,
HH12,A,station,P53,2014-10-01,
HH13,A,station,P31,2014-10-01,
HH14,A,station,P65,2014-10-01,
HH2,A,station,P96,2014-10-01,
HH23,A,station,P88,2014-10-01,
HH24,A,station,P9,2014-10-01,
HH25,A,station,P20,2014-10-01,
HH26,A,station,P89,2014-10-01,
HH27,A,station,P43,2014-10-01,
HH37,A,station,P105,2014-10-01,
HH38,A,station,P22,2014-10-01,
HH39,A,station,P81,2014-10-01,
HH40,A,station,P10,2014-10-01,
HH52,A,station,P72,2014-10-01,
HH53,A,station,P112,2014-10-01,
HH54,A,station,P97,2014-10-01,
PH00,A,station,P44,2014-10-01,
PH01,A,station,P14,2014-10-01,
PH02,A,station,P86,2014-10-01,
PH11,A,station,P69,2014-10-01,
PH12,A,station,P40,2014-10-01,
PH13,A,station,P101,2014-10-01,
PH14,A,station,P102,2014-10-01,
PH23,A,station,P125,2014-10-01,
PH24,A,station,P84,2014-10-01,
PH25,A,station,P100,2014-10-01,
PH26,A,station,P85,2014-10-01,
PH27,A,station,P54,2014-10-01,
PH37,A,station,P17,2014-10-01,
PH38,A,station,P68,2014-10-01,
PH39,A,station,P62,2014-10-01,
PH40,A,station,P0,2014-10-01,
PH52,A,station,P2,2014-10-01,
PH53,A,station,P21,2014-10-01,
PH54,A,station,P45,2014-10-01,
PI1,A,station,P61,2014-10-01,
PI10,A,station,P70,2014-10-01,
PI11,A,station,P56,2014-10-01,
PI12,A,station,P71,2014-10-01,
PI13,A,station,P59,2014-10-01,
PI14,A,station,P23,2014-10-01,
PI15,A,station,P50,2014-10-01,
PI16,A,station,P38,2014-10-01,
PI17,A,station,P26,2014-10-01,
PI18,A,station,P87,2014-10-01,
PI19,A,station,P103,2014-10-01,
PI2,A,station,P63,2014-10-01,
PI20,A,station,P42,2014-10-01,
PI21,A,station,P15,2014-10-01,
PI22,A,station,P99,2014-10-01,
PI23,A,station,P1,2014-10-01,
PI24,A,station,P47,2014-10-01,
PI25,A,station,P83,2014-10-01,
PI26,A,station,P37,2014-10-01,
PI27,A,station,P4,2014-10-01,
PI28,A,station,P90,2014-10-01,
PI29,A,station,P82,2014-10-01,
PI3,A,station,P67,2014-10-01,
PI30,A,station,P98,2014-10-01,
PI31,A,station,P74,2014-10-01,
PI32,A,station,P106,2014-10-01,
PI33,A,station,P116,2014-10-01,
PI34,A,station,P115,2014-10-01,
PI35,A,station,P114,2014-10-01,
PI36,A,station,P113,2014-10-01,
PI37,A,station,P126,2014-10-01,
PI38,A,station,P127,2014-10-01,
PI39,A,station,P41,2014-10-01,
PI4,A,station,P58,2014-10-01,
PI40,A,station,P16,2014-10-01,
PI41,A,station,P13,2014-10-01,
PI42,A,station,P46,2014-10-01,
PI43,A,station,P124,2014-10-01,
PI44,A,station,P123,2014-10-01,
PI45,A,station,P122,2014-10-01,
PI46,A,station,P57,2014-10-01,
PI47,A,station,P121,2014-10-01,
PI48,A,station,P120,2014-10-01,
PI49,A,station,P119,2014-10-01,
PI5,A,station,P3,2014-10-01,
PI50,A,station,P118,2014-10-01,
PI6,A,station,P73,2014-10-01,
PI7,A,station,P66,2014-10-01,
PI8,A,station,P117,2014-10-01,
PI9,A,station,P49,2014-10-01,
PPA10,A,station,P28,2014-10-01,
PPA12,A,station,P34,2014-10-01,
PPA14,A,station,P51,2014-10-01,
PPA6,A,station,P19,2014-10-01,
PPA8,A,station,P29,2014-10-01,
PPE10,A,station,P93,2014-10-01,
PPE12,A,station,P94,2014-10-01,
PPE14,A,station,P95,2014-10-01,
PPE6,A,station,P91,2014-10-01,
PPE8,A,station,P92,2014-10-01,
RCVR0,A,receiver,RCVR0,2014-10-01,
RCVR1,A,receiver,RCVR1,2014-10-01,
RCVR10,A,receiver,RCVR10,2014-10-01,
RCVR100,A,receiver,RCVR100,2014-10-01,
RCVR101,A,receiver,RCVR101,2014-10-01,
RCVR102,A,receiver,RCVR102,2014-10-01,
RCVR103,A,receiver,RCVR103,2014-10-01,
RCVR104,A,receiver,RCVR104,2014-10-01,
RCVR105,A,receiver,RCVR105,2014-10-01,
RCVR106,A,receiver,RCVR106,2014-10-01,
RCVR107,A,receiver,RCVR107,2014-10-01,
RCVR108,A,receiver,RCVR108,2014-10-01,
RCVR109,A,receiver,RCVR109,2014-10-01,
RCVR11,A,receiver,RCVR11,2014-10-01,
RCVR110,A,receiver,RCVR110,2014-10-01,
RCVR111,A,receiver,RCVR111,2014-10-01,
RCVR112,A,receiver,RCVR112,2014-10-01,
RCVR113,A,receiver,RCVR113,2014-10-01,
RCVR114,A,receiver,RCVR114,2014-10-01,
RCVR115,A,receiver,RCVR115,2014-10-01,
RCVR116,A,receiver,RCVR116,2014-10-01,
RCVR117,A,receiver,RCVR117,2014-10-01,
RCVR118,A,receiver,RCVR118,2014-10-01,
RCVR119,A,receiver,RCVR119,2014-10-01,
RCVR12,A,receiver,RCVR12,2014-10-01,
RCVR120,A,receiver,RCVR120,2014-10-01,
RCVR121,A,receiver,RCVR121,2014-10-01,
RCVR122,A,receiver,RCVR122,2014-10-01,
RCVR123,A,receiver,RCVR123,2014-10-01,
RCVR124,A,receiver,RCVR124,2014-10-01,
RCVR125,A,receiver,RCVR125,2014-10-01,
RCVR126,A,receiver,RCVR126,2014-10-01,
RCVR127,A,receiver,RCVR127,2014-10-01,
RCVR13,A,receiver,RCVR13,2014-10-01,
RCVR14,A,receiver,RCVR14,2014-10-01,
RCVR15,A,receiver,RCVR15,2014-10-01,
RCVR16,A,receiver,RCVR16,2014-10-01,
RCVR17,A,receiver,RCVR17,2014-10-01,
RCVR18,A,receiver,RCVR18,2014-10-01,
RCVR19,A,receiver,RCVR19,2014-10-01,
RCVR2,A,receiver,RCVR2,2014-10-01,
RCVR20,A,receiver,RCVR20,2014-10-01,
RCVR21,A,receiver,RCVR21,2014-10-01,
RCVR22,A,receiver,RCVR22,2014-10-01,
RCVR23,A,receiver,RCVR23,2014-10-01,
RCVR24,A,receiver,RCVR24,2014-10-01,
RCVR25,A,receiver,RCVR25,2014-10-01,
RCVR26,A,receiver,RCVR26,2014-10-01,
RCVR27,A,receiver,RCVR27,2014-10-01,
RCVR28,A,receiver,RCVR28,2014-10-01,
RCVR29,A,receiver,RCVR29,2014-10-01,
RCVR3,A,receiver,RCVR3,2014-10-01,
RCVR30,A,receiver,RCVR30,2014-10-01,
RCVR31,A,receiver,RCVR31,2014-10-01,
RCVR32,A,receiver,RCVR32,2014-10-01,
RCVR33,A,receiver,RCVR33,2014-10-01,
RCVR34,A,receiver,RCVR34,2014-10-01,
RCVR35,A,receiver,RCVR35,2014-10-01,
RCVR36,A,receiver,RCVR36,2014-10-01,
RCVR37,A,receiver,RCVR37,2014-10-01,
RCVR38,A,receiver,RCVR38,2014-10-01,
RCVR39,A,receiver,RCVR39,2014-10-01,
RCVR4,A,receiver,RCVR4,2014-10-01,
RCVR40,A,receiver,RCVR40,2014-10-01,
RCVR41,A,receiver,RCVR41,2014-10-01,
RCVR42,A,receiver,RCVR42,2014-10-01,
RCVR43,A,receiver,RCVR43,2014-10-01,
RCVR44,A,receiver,RCVR44,2014-10-01,
RCVR45,A,receiver,RCVR45,2014-10-01,
RCVR46,A,receiver,RCVR46,2014-10-01,
RCVR47,A,receiver,RCVR47,2014-10-01,
RCVR48,A,receiver,RCVR48,2014-10-01,
RCVR49,A,receiver,RCVR49,2014-10-01,
RCVR5,A,receiver,RCVR5,2014-10-01,
RCVR50,A,receiver,RCVR50,2014-10-01,
RCVR51,A,receiver,RCVR51,2014-10-01,
RCVR52,A,receiver,RCVR52,2014-10-01,
RCVR53,A,receiver,RCVR53,2014-10-01,
RCVR54,A,receiver,RCVR54,2014-10-01,
RCVR55,A,receiver,RCVR55,2014-10-01,
RCVR56,A,receiver,RCVR56,2014-10-01,
RCVR57,A,receiver,RCVR57,2014-10-01,
RCVR58,A,receiver,RCVR58,2014-10-01,
RCVR59,A,receiver,RCVR59,2014-10-01,
RCVR6,A,receiver,RCVR6,2014-10-01,
RCVR60,A,receiver,RCVR60,2014-10-01,
RCVR61,A,receiver,RCVR61,2014-10-01,
RCVR62,A,receiver,RCVR62,2014-10-01,
RCVR63,A,receiver,RCVR63,2014-10-01,
RCVR64,A,receiver,RCVR64,2014-10-01,
RCVR65,A,receiver,RCVR65,2014-10-01,
RCVR66,A,receiver,RCVR66,2014-10-01,
RCVR67,A,receiver,RCVR67,2014-10-01,
RCVR68,A,receiver,RCVR68,2014-10-01,
RCVR69,A,receiver,RCVR69,2014-10-01,
RCVR7,A,receiver,RCVR7,2014-10-01,
RCVR70,A,receiver,RCVR70,2014-10-01,
RCVR71,A,receiver,RCVR71,2014-10-01,
RCVR72,A,receiver,RCVR72,2014-10-01,
RCVR73,A,receiver,RCVR73,2014-10-01,
RCVR74,A,receiver,RCVR74,2014-10-01,
RCVR75,A,receiver,RCVR75,2014-10-01,
RCVR76,A,receiver,RCVR76,2014-10-01,
RCVR77,A,receiver,RCVR77,2014-10-01,
RCVR78,A,receiver,RCVR78,2014-10-01,
RCVR79,A,receiver,RCVR79,2014-10-01,
RCVR8,A,receiver,RCVR8,2014-10-01,
RCVR80,A,receiver,RCVR80,2014-10-01,
RCVR81,A,receiver,RCVR81,2014-10-01,
RCVR82,A,receiver,RCVR82,2014-10-01,
RCVR83,A,receiver,RCVR83,2014-10-01,
RCVR84,A,receiver,RCVR84,2014-10-01,
RCVR85,A,receiver,RCVR85,2014-10-01,
RCVR86,A,receiver,RCVR86,2014-10-01,
RCVR87,A,receiver,RCVR87,2014-10-01,
RCVR88,A,receiver,RCVR88,2014-10-01,
RCVR89,A,receiver,RCVR89,2014-10-01,
RCVR9,A,receiver,RCVR9,2014-10-01,
RCVR90,A,receiver,RCVR90,2014-10-01,
RCVR91,A,receiver,RCVR91,2014-10-01,
RCVR92,A,receiver,RCVR92,2014-10-01,
RCVR93,A,receiver,RCVR93,2014-10-01,
RCVR94,A,receiver,RCVR94,2014-10-01,
RCVR95,A,receiver,RCVR95,2014-10-01,
RCVR96,A,receiver,RCVR96,2014-10-01,
RCVR97,A,receiver,RCVR97,2014-10-01,
RCVR98,A,receiver,RCVR98,2014-10-01,
RCVR99,A,receiver,RCVR99,2014-10-01,
RI1A1E,A,cable_receiverin_e,RI1A1E,2014-10-01,
RI1A1N,A,cable_receiverin_n,RI1A1N,2014-10-01,
RI1A2E,A,cable_receiverin_e,RI1A2E,2014-10-01,
RI1A2N,A,cable_receiverin_n,RI1A2N,2014-10-01,
RI1A3E,A,cable_receiverin_e,RI1A3E,2014-10-01,
RI1A3N,A,cable_receiverin_n,RI1A3N,2014-10-01,
RI1A4E,A,cable_receiverin_e,RI1A4E,2014-10-01,
RI1A4N,A,cable_receiverin_n,RI1A4N,2014-10-01,
RI1A5E,A,cable_receiverin_e,RI1A5E,2014-10-01,
RI1A5N,A,cable_receiverin_n,RI1A5N,2014-10-01,
RI1A6E,A,cable_receiverin_e,RI1A6E,2014-10-01,
RI1A6N,A,cable_receiverin_n,RI1A6N,2014-10-01,
RI1A7E,A,cable_receiverin_e,RI1A7E,2014-10-01,
RI1A7N,A,cable_receiverin_n,RI1A7N,2014-10-01,
RI1A8E,A,cable_receiverin_e,RI1A8E,2014-10-01,
RI1A8N,A,cable_receiverin_n,RI1A8N,2014-10-01,
RI1B1E,A,cable_receiverin_e,RI1B1E,2014-10-01,
RI1B1N,A,cable_receiverin_n,RI1B1N,2014-10-01,
RI1B2E,A,cable_receiverin_e,RI1B2E,2014-10-01,
RI1B2N,A,cable_receiverin_n,RI1B2N,2014-10-01,
RI1B3E,A,cable_receiverin_e,RI1B3E,2014-10-01,
RI1B3N,A,cable_receiverin_n,RI1B3N,2014-10-01,
RI1B4E,A,cable_receiverin_e,RI1B4E,2014-10-01,
RI1B4N,A,cable_receiverin_n,RI1B4N,2014-10-01,
RI1B5E,A,cable_receiverin_e,RI1B5E,2014-10-01,
RI1B5N,A,cable_receiverin_n,RI1B5N,2014-10-01,
RI1B6E,A,cable_receiverin_e,RI1B6E,2014-10-01,
RI1B6N,A,cable_receiverin_n,RI1B6N,2014-10-01,
RI1B7E,A,cable_receiverin_e,RI1B7E,2014-10-01,
RI1B7N,A,cable_receiverin_n,RI1B7N,2014-10-01,
RI1B8E,A,cable_receiverin_e,RI1B8E,2014-10-01,
RI1B8N,A,cable_receiverin_n,RI1B8N,2014-10-01,
RI2A1E,A,cable_receiverin_e,RI2A1E,2014-10-01,
RI2A1N,A,cable_receiverin_n,RI2A1N,2014-10-01,
RI2A2E,A,cable_receiverin_e,RI2A2E,2014-10-01,
RI2A2N,A,cable_receiverin_n,RI2A2N,2014-10-01,
RI2A3E,A,cable_receiverin_e,RI2A3E,2014-10-01,
RI2A3N,A,cable_receiverin_n,RI2A3N,2014-10-01,
RI2A4E,A,cable_receiverin_e,RI2A4E,2014-10-01,
RI2A4N,A,cable_receiverin_n,RI2A4N,2014-10-01,
RI2A5E,A,cable_receiverin_e,RI2A5E,2014-10-01,
RI2A5N,A,cable_receiverin_n,RI2A5N,2014-10-01,
RI2A6E,A,cable_receiverin_e,RI2A6E,2014-10-01,
RI2A6N,A,cable_receiverin_n,RI2A6N,2014-10-01,
RI2A7E,A,cable_receiverin_e,RI2A7E,2014-10-01,
RI2A7N,A,cable_receiverin_n,RI2A7N,2014-10-01,
RI2A8E,A,cable_receiverin_e,RI2A8E,2014-10-01,
RI2A8N,A,cable_receiverin_n,RI2A8N,2014-10-01,
RI2B1E,A,cable_receiverin_e,RI2B1E,2014-10-01,
RI2B1N,A,cable_receiverin_n,RI2B1N,2014-10-01,
RI2B2E,A,cable_receiverin_e,RI2B2E,2014-10-01,
RI2B2N,A,cable_receiverin_n,RI2B2N,2014-10-01,
RI2B3E,A,cable_receiverin_e,RI2B3E,2014-10-01,
RI2B3N,A,cable_receiverin_n,RI2B3N,2014-10-01,
RI2B4E,A,cable_receiverin_e,RI2B4E,2014-10-01,
RI2B4N,A,cable_receiverin_n,RI2B4N,2014-10-01,
RI2B5E,A,cable_receiverin_e,RI2B5E,2014-10-01,
RI2B5N,A,cable_receiverin_n,RI2B5N,2014-10-01,
RI2B6E,A,cable_receiverin_e,RI2B6E,2014-10-01,
RI2B6N,A,cable_receiverin_n,RI2B6N,2014-10-01,
RI2B7E,A,cable_receiverin_e,RI2B7E,2014-10-01,
RI2B7N,A,cable_receiverin_n,RI2B7N,2014-10-01,
RI2B8E,A,cable_receiverin_e,RI2B8E,2014-10-01,
RI2B8N,A,cable_receiverin_n,RI2B8N,2014-10-01,
RI3A1E,A,cable_receiverin_e,RI3A1E,2014-10-01,
RI3A1N,A,cable_receiverin_n,RI3A1N,2014-10-01,
RI3A2E,A,cable_receiverin_e,RI3A2E,2014-10-01,
RI3A2N,A,cable_receiverin_n,RI3A2N,2014-10-01,
RI3A3E,A,cable_receiverin_e,RI3A3E,2014-10-01,
RI3A3N,A,cable_receiverin_n,RI3A3N,2014-10-01,
RI3A4E,A,cable_receiverin_e,RI3A4E,2014-10-01,
RI3A4N,A,cable_receiverin_n,RI3A4N,2014-10-01,
RI3A5E,A,cable_receiverin_e,RI3A5E,2014-10-01,
RI3A5N,A,cable_receiverin_n,RI3A5N,2014-10-01,
RI3A6E,A,cable_receiverin_e,RI3A6E,2014-10-01,
RI3A6N,A,cable_receiverin_n,RI3A6N,2014-10-01,
RI3A7E,A,cable_receiverin_e,RI3A7E,2014-10-01,
RI3A7N,A,cable_receiverin_n,RI3A7N,2014-10-01,
RI3A8E,A,cable_receiverin_e,RI3A8E,2014-10-01,
RI3A8N,A,cable_receiverin_n,RI3A8N,2014-10-01,
RI3B1E,A,cable_receiverin_e,RI3B1E,2014-10-01,
RI3B1N,A,cable_receiverin_n,RI3B1N,2014-10-01,
RI3B2E,A,cable_receiverin_e,RI3B2E,2014-10-01,
RI3B2N,A,cable_receiverin_n,RI3B2N,2014-10-01,
RI3B3E,A,cable_receiverin_e,RI3B3E,2014-10-01,
RI3B3N,A,cable_receiverin_n,RI3B3N,2014-10-01,
RI3B4E,A,cable_receiverin_e,RI3B4E,2014-10-01,
RI3B4N,A,cable_receiverin_n,RI3B4N,2014-10-01,
RI3B5E,A,cable_receiverin_e,RI3B5E,2014-10-01,
RI3B5N,A,cable_receiverin_n,RI3B5N,2014-10-01,
RI3B6E,A,cable_receiverin_e,RI3B6E,2014-10-01,
RI3B6N,A,cable_receiverin_n,RI3B6N,2014-10-01,
RI3B7E,A,cable_receiverin_e,RI3B7E,2014-10-01,
RI3B7N,A,cable_receiverin_n,RI3B7N,2014-10-01,
RI4A1E,A,cable_receiverin_e,RI4A1E,2014-10-01,
RI4A1N,A,cable_receiverin_n,RI4A1N,2014-10-01,
RI4A2E,A,cable_receiverin_e,RI4A2E,2014-10-01,
RI4A2N,A,cable_receiverin_n,RI4A2N,2014-10-01,
RI4A3E,A,cable_receiverin_e,RI4A3E,2014-10-01,
RI4A3N,A,cable_receiverin_n,RI4A3N,2014-10-01,
RI4A4E,A,cable_receiverin_e,RI4A4E,2014-10-01,
RI4A4N,A,cable_receiverin_n,RI4A4N,2014-10-01,
RI4A5E,A,cable_receiverin_e,RI4A5E,2014-10-01,
RI4A5N,A,cable_receiverin_n,RI4A5N,2014-10-01,
RI4A6E,A,cable_receiverin_e,RI4A6E,2014-10-01,
RI4A6N,A,cable_receiverin_n,RI4A6N,2014-10-01,
RI4A7E,A,cable_receiverin_e,RI4A7E,2014-10-01,
RI4A7N,A,cable_receiverin_n,RI4A7N,2014-10-01,
RI4A8E,A,cable_receiverin_e,RI4A8E,2014-10-01,
RI4A8N,A,cable_receiverin_n,RI4A8N,2014-10-01,
RI4B1E,A,cable_receiverin_e,RI4B1E,2014-10-01,
RI4B1N,A,cable_receiverin_n,RI4B1N,2014-10-01,
RI4B2E,A,cable_receiverin_e,RI4B2E,2014-10-01,
RI4B2N,A,cable_receiverin_n,RI4B2N,2014-10-01,
RI4B3E,A,cable_receiverin_e,RI4B3E,2014-10-01,
RI4B3N,A,cable_receiverin_n,RI4B3N,2014-10-01,
RI4B4E,A,cable_receiverin_e,RI4B4E,2014-10-01,
RI4B4N,A,cable_receiverin_n,RI4B4N,2014-10-01,
RI4B5E,A,cable_receiverin_e,RI4B5E,2014-10-01,
RI4B5N,A,cable_receiverin_n,RI4B5N,2014-10-01,
RI4B6E,A,cable_receiverin_e,RI4B6E,2014-10-01,
RI4B6N,A,cable_receiverin_n,RI4B6N,2014-10-01,
RI4B7E,A,cable_receiverin_e,RI4B7E,2014-10-01,
RI4B7N,A,cable_receiverin_n,RI4B7N,2014-10-01,
RI4B8E,A,cable_receiverin_e,RI4B8E,2014-10-01,
RI4B8N,A,cable_receiverin_n,RI4B8N,2014-10-01,
RI5A1E,A,cable_receiverin_e,RI5A1E,2014-10-01,
RI5A1N,A,cable_receiverin_n,RI5A1N,2014-10-01,
RI5A2E,A,cable_receiverin_e,RI5A2E,2014-10-01,
RI5A2N,A,cable_receiverin_n,RI5A2N,2014-10-01,
RI5A3E,A,cable_receiverin_e,RI5A3E,2014-10-01,
RI5A3N,A,cable_receiverin_n,RI5A3N,2014-10-01,
RI5A4E,A,cable_receiverin_e,RI5A4E,2014-10-01,
RI5A4N,A,cable_receiverin_n,RI5A4N,2014-10-01,
RI5A5E,A,cable_receiverin_e,RI5A5E,2014-10-01,
RI5A5N,A,cable_receiverin_n,RI5A5N,2014-10-01,
RI5A6E,A,cable_receiverin_e,RI5A6E,2014-10-01,
RI5A6N,A,cable_receiverin_n,RI5A6N,2014-10-01,
RI5A7E,A,cable_receiverin_e,RI5A7E,2014-10-01,
RI5A7N,A,cable_receiverin_n,RI5A7N,2014-10-01,
RI5A8E,A,cable_receiverin_e,RI5A8E,2014-10-01,
RI5A8N,A,cable_receiverin_n,RI5A8N,2014-10-01,
RI5B1E,A,cable_receiverin_e,RI5B1E,2014-10-01,
RI5B1N,A,cable_receiverin_n,RI5B1N,2014-10-01,
RI5B2E,A,cable_receiverin_e,RI5B2E,2014-10-01,
RI5B2N,A,cable_receiverin_n,RI5B2N,2014-10-01,
RI5B3E,A,cable_receiverin_e,RI5B3E,2014-10-01,
RI5B3N,A,cable_receiverin_n,RI5B3N,2014-10-01,
RI5B4E,A,cable_receiverin_e,RI5B4E,2014-10-01,
RI5B4N,A,cable_receiverin_n,RI5B4N,2014-10-01,
RI5B5E,A,cable_receiverin_e,RI5B5E,2014-10-01,
RI5B5N,A,cable_receiverin_n,RI5B5N,2014-10-01,
RI5B6E,A,cable_receiverin_e,RI5B6E,2014-10-01,
RI5B6N,A,cable_receiverin_n,RI5B6N,2014-10-01,
RI5B7E,A,cable_receiverin_e,RI5B7E,2014-10-01,
RI5B7N,A,cable_receiverin_n,RI5B7N,2014-10-01,
RI5B8E,A,cable_receiverin_e,RI5B8E,2014-10-01,
RI5B8N,A,cable_receiverin_n,RI5B8N,2014-10-01,
RI6A1E,A,cable_receiverin_e,RI6A1E,2014-10-01,
RI6A1N,A,cable_receiverin_n,RI6A1N,2014-10-01,
RI6A2E,A,cable_receiverin_e,RI6A2E,2014-10-01,
RI6A2N,A,cable_receiverin_n,RI6A2N,2014-10-01,
RI6A3E,A,cable_receiverin_e,RI6A3E,2014-10-01,
RI6A3N,A,cable_receiverin_n,RI6A3N,2014-10-01,
RI6A4E,A,cable_receiverin_e,RI6A4E,2014-10-01,
RI6A4N,A,cable_receiverin_n,RI6A4N,2014-10-01,
RI6A5E,A,cable_receiverin_e,RI6A5E,2014-10-01,
RI6A5N,A,cable_receiverin_n,RI6A5N,2014-10-01,
RI6A6E,A,cable_receiverin_e,RI6A6E,2014-10-01,
RI6A6N,A,cable_receiverin_n,RI6A6N,2014-10-01,
RI6A7E,A,cable_receiverin_e,RI6A7E,2014-10-01,
RI6A7N,A,cable_receiverin_n,RI6A7N,2014-10-01,
RI6A8E,A,cable_receiverin_e,RI6A8E,2014-10-01,
RI6A8N,A,cable_receiverin_n,RI6A8N,2014-10-01,
RI6B1E,A,cable_receiverin_e,RI6B1E,2014-10-01,
RI6B1N,A,cable_receiverin_n,RI6B1N,2014-10-01,
RI6B2E,A,cable_receiverin_e,RI6B2E,2014-10-01,
RI6B2N,A,cable_receiverin_n,RI6B2N,2014-10-01,
RI6B3E,A,cable_receiverin_e,RI6B3E,2014-10-01,
RI6B3N,A,cable_receiverin_n,RI6B3N,2014-10-01,
RI6B4E,A,cable_receiverin_e,RI6B4E,2014-10-01,
RI6B4N,A,cable_receiverin_n,RI6B4N,2014-10-01,
RI6B5E,A,cable_receiverin_e,RI6B5E,2014-10-01,
RI6B5N,A,cable_receiverin_n,RI6B5N,2014-10-01,
RI6B6E,A,cable_receiverin_e,RI6B6E,2014-10-01,
RI6B6N,A,cable_receiverin_n,RI6B6N,2014-10-01,
RI6B7E,A,cable_receiverin_e,RI6B7E,2014-10-01,
RI6B7N,A,cable_receiverin_n,RI6B7N,2014-10-01,
RI6B8E,A,cable_receiverin_e,RI6B8E,2014-10-01,
RI6B8N,A,cable_receiverin_n,RI6B8N,2014-10-01,
RI7A1E,A,cable_receiverin_e,RI7A1E,2014-10-01,
RI7A1N,A,cable_receiverin_n,RI7A1N,2014-10-01,
RI7A2E,A,cable_receiverin_e,RI7A2E,2014-10-01,
RI7A2N,A,cable_receiverin_n,RI7A2N,2014-10-01,
RI7A3E,A,cable_receiverin_e,RI7A3E,2014-10-01,
RI7A3N,A,cable_receiverin_n,RI7A3N,2014-10-01,
RI7A4E,A,cable_receiverin_e,RI7A4E,2014-10-01,
RI7A4N,A,cable_receiverin_n,RI7A4N,2014-10-01,
RI7A5E,A,cable_receiverin_e,RI7A5E,2014-10-01,
RI7A5N,A,cable_receiverin_n,RI7A5N,2014-10-01,
RI7A6E,A,cable_receiverin_e,RI7A6E,2014-10-01,
RI7A6N,A,cable_receiverin_n,RI7A6N,2014-10-01,
RI7A7E,A,cable_receiverin_e,RI7A7E,2014-10-01,
RI7A7N,A,cable_receiverin_n,RI7A7N,2014-10-01,
RI7A8E,A,cable_receiverin_e,RI7A8E,2014-10-01,
RI7A8N,A,cable_receiverin_n,RI7A8N,2014-10-01,
RI7B1E,A,cable_receiverin_e,RI7B1E,2014-10-01,
RI7B1N,A,cable_receiverin_n,RI7B1N,2014-10-01,
RI7B2E,A,cable_receiverin_e,RI7B2E,2014-10-01,
RI7B2N,A,cable_receiverin_n,RI7B2N,2014-10-01,
RI7B3E,A,cable_receiverin_e,RI7B3E,2014-10-01,
RI7B3N,A,cable_receiverin_n,RI7B3N,2014-10-01,
RI7B4E,A,cable_receiverin_e,RI7B4E,2014-10-01,
RI7B4N,A,cable_receiverin_n,RI7B4N,2014-10-01,
RI7B5E,A,cable_receiverin_e,RI7B5E,2014-10-01,
RI7B5N,A,cable_receiverin_n,RI7B5N,2014-10-01,
RI7B6E,A,cable_receiverin_e,RI7B6E,2014-10-01,
RI7B6N,A,cable_receiverin_n,RI7B6N,2014-10-01,
RI7B7E,A,cable_receiverin_e,RI7B7E,2014-10-01,
RI7B7N,A,cable_receiverin_n,RI7B7N,2014-10-01,
RI7B8E,A,cable_receiverin_e,RI7B8E,2014-10-01,
RI7B8N,A,cable_receiverin_n,RI7B8N,2014-10-01,
RI8A1E,A,cable_receiverin_e,RI8A1E,2014-10-01,
RI8A1N,A,cable_receiverin_n,RI8A1N,2014-10-01,
RI8A2E,A,cable_receiverin_e,RI8A2E,2014-10-01,
RI8A2N,A,cable_receiverin_n,RI8A2N,2014-10-01,
RI8A3E,A,cable_receiverin_e,RI8A3E,2014-10-01,
RI8A3N,A,cable_receiverin_n,RI8A3N,2014-10-01,
RI8A4E,A,cable_receiverin_e,RI8A4E,2014-10-01,
RI8A4N,A,cable_receiverin_n,RI8A4N,2014-10-01,
RI8A5E,A,cable_receiverin_e,RI8A5E,2014-10-01,
RI8A5N,A,cable_receiverin_n,RI8A5N,2014-10-01,
RI8A6E,A,cable_receiverin_e,RI8A6E,2014-10-01,
RI8A6N,A,cable_receiverin_n,RI8A6N,2014-10-01,
RI8A7E,A,cable_receiverin_e,RI8A7E,2014-10-01,
RI8A7N,A,cable_receiverin_n,RI8A7N,2014-10-01,
RI8A8E,A,cable_receiverin_e,RI8A8E,2014-10-01,
RI8A8N,A,cable_receiverin_n,RI8A8N,2014-10-01,
RI8B1E,A,cable_receiverin_e,RI8B1E,2014-10-01,
RI8B1N,A,cable_receiverin_n,RI8B1N,2014-10-01,
RI8B2E,A,cable_receiverin_e,RI8B2E,2014-10-01,
RI8B2N,A,cable_receiverin_n,RI8B2N,2014-10-01,
RI8B3E,A,cable_receiverin_e,RI8B3E,2014-10-01,
RI8B3N,A,cable_receiverin_n,RI8B3N,2014-10-01,
RI8B4E,A,cable_receiverin_e,RI8B4E,2014-10-01,
RI8B4N,A,cable_receiverin_n,RI8B4N,2014-10-01,
RI8B5E,A,cable_receiverin_e,RI8B5E,2014-10-01,
RI8B5N,A,cable_receiverin_n,RI8B5N,2014-10-01,
RI8B6E,A,cable_receiverin_e,RI8B6E,2014-10-01,
RI8B6N,A,cable_receiverin_n,RI8B6N,2014-10-01,
RI8B7E,A,cable_receiverin_e,RI8B7E,2014-10-01,
RI8B7N,A,cable_receiverin_n,RI8B7N,2014-10-01,
RI8B8E,A,cable_receiverin_e,RI8B8E,2014-10-01,
RI8B8N,A,cable_receiverin_n,RI8B8N,2014-10-01,
RO1A1E,A,cable_receiverout_e,RO1A1E,2014-10-01,
RO1A1N,A,cable_receiverout_n,RO1A1N,2014-10-01,
RO1A2E,A,cable_receiverout_e,RO1A2E,2014-10-01,
RO1A2N,A,cable_receiverout_n,RO1A2N,2014-10-01,
RO1A3E,A,cable_receiverout_e,RO1A3E,2014-10-01,
RO1A3N,A,cable_receiverout_n,RO1A3N,2014-10-01,
RO1A4E,A,cable_receiverout_e,RO1A4E,2014-10-01,
RO1A4N,A,cable_receiverout_n,RO1A4N,2014-10-01,
RO1A5E,A,cable_receiverout_e,RO1A5E,2014-10-01,
RO1A5N,A,cable_receiverout_n,RO1A5N,2014-10-01,
RO1A6E,A,cable_receiverout_e,RO1A6E,2014-10-01,
RO1A6N,A,cable_receiverout_n,RO1A6N,2014-10-01,
RO1A7E,A,cable_receiverout_e,RO1A7E,2014-10-01,
RO1A7N,A,cable_receiverout_n,RO1A7N,2014-10-01,
RO1A8E,A,cable_receiverout_e,RO1A8E,2014-10-01,
RO1A8N,A,cable_receiverout_n,RO1A8N,2014-10-01,
RO1B1E,A,cable_receiverout_e,RO1B1E,2014-10-01,
RO1B1N,A,cable_receiverout_n,RO1B1N,2014-10-01,
RO1B2E,A,cable_receiverout_e,RO1B2E,2014-10-01,
RO1B2N,A,cable_receiverout_n,RO1B2N,2014-10-01,
RO1B3E,A,cable_receiverout_e,RO1B3E,2014-10-01,
RO1B3N,A,cable_receiverout_n,RO1B3N,2014-10-01,
RO1B4E,A,cable_receiverout_e,RO1B4E,2014-10-01,
RO1B4N,A,cable_receiverout_n,RO1B4N,2014-10-01,
RO1B5E,A,cable_receiverout_e,RO1B5E,2014-10-01,
RO1B5N,A,cable_receiverout_n,RO1B5N,2014-10-01,
RO1B6E,A,cable_receiverout_e,RO1B6E,2014-10-01,
RO1B6N,A,cable_receiverout_n,RO1B6N,2014-10-01,
RO1B7E,A,cable_receiverout_e,RO1B7E,2014-10-01,
RO1B7N,A,cable_receiverout_n,RO1B7N,2014-10-01,
RO1B8E,A,cable_receiverout_e,RO1B8E,2014-10-01,
RO1B8N,A,cable_receiverout_n,RO1B8N,2014-10-01,
RO2A1E,A,cable_receiverout_e,RO2A1E,2014-10-01,
RO2A1N,A,cable_receiverout_n,RO2A1N,2014-10-01,
RO2A2E,A,cable_receiverout_e,RO2A2E,2014-10-01,
RO2A2N,A,cable_receiverout_n,RO2A2N,2014-10-01,
RO2A3E,A,cable_receiverout_e,RO2A3E,2014-10-01,
RO2A3N,A,cable_receiverout_n,RO2A3N,2014-10-01,
RO2A4E,A,cable_receiverout_e,RO2A4E,2014-10-01,
RO2A4N,A,cable_receiverout_n,RO2A4N,2014-10-01,
RO2A5E,A,cable_receiverout_e,RO2A5E,2014-10-01,
RO2A5N,A,cable_receiverout_n,RO2A5N,2014-10-01,
RO2A6E,A,cable_receiverout_e,RO2A6E,2014-10-01,
RO2A6N,A,cable_receiverout_n,RO2A6N,2014-10-01,
RO2A7E,A,cable_receiverout_e,RO2A7E,2014-10-01,
RO2A7N,A,cable_receiverout_n,RO2A7N,2014-10-01,
RO2A8E,A,cable_receiverout_e,RO2A8E,2014-10-01,
RO2A8N,A,cable_receiverout_n,RO2A8N,2014-10-01,
RO2B1E,A,cable_receiverout_e,RO2B1E,2014-10-01,
RO2B1N,A,cable_receiverout_n,RO2B1N,2014-10-01,
RO2B2E,A,cable_receiverout_e,RO2B2E,2014-10-01,
RO2B2N,A,cable_receiverout_n,RO2B2N,2014-10-01,
RO2B3E,A,cable_receiverout_e,RO2B3E,2014-10-01,
RO2B3N,A,cable_receiverout_n,RO2B3N,2014-10-01,
RO2B4E,A,cable_receiverout_e,RO2B4E,2014-10-01,
RO2B4N,A,cable_receiverout_n,RO2B4N,2014-10-01,
RO2B5E,A,cable_receiverout_e,RO2B5E,2014-10-01,
RO2B5N,A,cable_receiverout_n,RO2B5N,2014-10-01,
RO2B6E,A,cable_receiverout_e,RO2B6E,2014-10-01,
RO2B6N,A,cable_receiverout_n,RO2B6N,2014-10-01,
RO2B7E,A,cable_receiverout_e,RO2B7E,2014-10-01,
RO2B7N,A,cable_receiverout_n,RO2B7N,2014-10-01,
RO2B8E,A,cable_receiverout_e,RO2B8E,2014-10-01,
RO2B8N,A,cable_receiverout_n,RO2B8N,2014-10-01,
RO3A1E,A,cable_receiverout_e,RO3A1E,2014-10-01,
RO3A1N,A,cable_receiverout_n,RO3A1N,2014-10-01,
RO3A2E,A,cable_receiverout_e,RO3A2E,2014-10-01,
RO3A2N,A,cable_receiverout_n,RO3A2N,2014-10-01,
RO3A3E,A,cable_receiverout_e,RO3A3E,2014-10-01,
RO3A3N,A,cable_receiverout_n,RO3A3N,2014-10-01,
RO3A4E,A,cable_receiverout_e,RO3A4E,2014-10-01,
RO3A4N,A,cable_receiverout_n,RO3A4N,2014-10-01,
RO3A5E,A,cable_receiverout_e,RO3A5E,2014-10-01,
RO3A5N,A,cable_receiverout_n,RO3A5N,2014-10-01,
RO3A6E,A,cable_receiverout_e,RO3A6E,2014-10-01,
RO3A6N,A,cable_receiverout_n,RO3A6N,2014-10-01,
RO3A7E,A,cable_receiverout_e,RO3A7E,2014-10-01,
RO3A7N,A,cable_receiverout_n,RO3A7N,2014-10-01,
RO3A8E,A,cable_receiverout_e,RO3A8E,2014-10-01,
RO3A8N,A,cable_receiverout_n,RO3A8N,2014-10-01,
RO3B1E,A,cable_receiverout_e,RO3B1E,2014-10-01,
RO3B1N,A,cable_receiverout_n,RO3B1N,2014-10-01,
RO3B2E,A,cable_receiverout_e,RO3B2E,2014-10-01,
RO3B2N,A,cable_receiverout_n,RO3B2N,2014-10-01,
RO3B3E,A,cable_receiverout_e,RO3B3E,2014-10-01,
RO3B3N,A,cable_receiverout_n,RO3B3N,2014-10-01,
RO3B4E,A,cable_receiverout_e,RO3B4E,2014-10-01,
RO3B4N,A,cable_receiverout_n,RO3B4N,2014-10-01,
RO3B5E,A,cable_receiverout_e,RO3B5E,2014-10-01,
RO3B5N,A,cable_receiverout_n,RO3B5N,2014-10-01,
RO3B6E,A,cable_receiverout_e,RO3B6E,2014-10-01,
RO3B6N,A,cable_receiverout_n,RO3B6N,2014-10-01,
RO3B7E,A,cable_receiverout_e,RO3B7E,2014-10-01,
RO3B7N,A,cable_receiverout_n,RO3B7N,2014-10-01,
RO4A1E,A,cable_receiverout_e,RO4A1E,2014-10-01,
RO4A1N,A,cable_receiverout_n,RO4A1N,2014-10-01,
RO4A2E,A,cable_receiverout_e,RO4A2E,2014-10-01,
RO4A2N,A,cable_receiverout_n,RO4A2N,2014-10-01,
RO4A3E,A,cable_receiverout_e,RO4A3E,2014-10-01,
RO4A3N,A,cable_receiverout_n,RO4A3N,2014-10-01,
RO4A4E,A,cable_receiverout_e,RO4A4E,2014-10-01,
RO4A4N,A,cable_receiverout_n,RO4A4N,2014-10-01,
RO4A5E,A,cable_receiverout_e,RO4A5E,2014-10-01,
RO4A5N,A,cable_receiverout_n,RO4A5N,2014-10-01,
RO4A6E,A,cable_receiverout_e,RO4A6E,2014-10-01,
RO4A6N,A,cable_receiverout_n,RO4A6N,2014-10-01,
RO4A7E,A,cable_receiverout_e,RO4A7E,2014-10-01,
RO4A7N,A,cable_receiverout_n,RO4A7N,2014-10-01,
RO4A8E,A,cable_receiverout_e,RO4A8E,2014-10-01,
RO4A8N,A,cable_receiverout_n,RO4A8N,2014-10-01,
RO4B1E,A,cable_receiverout_e,RO4B1E,2014-10-01,
RO4B1N,A,cable_receiverout_n,RO4B1N,2014-10-01,
RO4B2E,A,cable_receiverout_e,RO4B2E,2014-10-01,
RO4B2N,A,cable_receiverout_n,RO4B2N,2014-10-01,
RO4B3E,A,cable_receiverout_e,RO4B3E,2014-10-01,
RO4B3N,A,cable_receiverout_n,RO4B3N,2014-10-01,
RO4B4E,A,cable_receiverout_e,RO4B4E,2014-10-01,
RO4B4N,A,cable_receiverout_n,RO4B4N,2014-10-01,
RO4B5E,A,cable_receiverout_e,RO4B5E,2014-10-01,
RO4B5N,A,cable_receiverout_n,RO4B5N,2014-10-01,
RO4B6E,A,cable_receiverout_e,RO4B6E,2014-10-01,
RO4B6N,A,cable_receiverout_n,RO4B6N,2014-10-01,
RO4B7E,A,cable_receiverout_e,RO4B7E,2014-10-01,
RO4B7N,A,cable_receiverout_n,RO4B7N,2014-10-01,
RO4B8E,A,cable_receiverout_e,RO4B8E,2014-10-01,
RO4B8N,A,cable_receiverout_n,RO4B8N,2014-10-01,
RO5A1E,A,cable_receiverout_e,RO5A1E,2014-10-01,
RO5A1N,A,cable_receiverout_n,RO5A1N,2014-10-01,
RO5A2E,A,cable_receiverout_e,RO5A2E,2014-10-01,
RO5A2N,A,cable_receiverout_n,RO5A2N,2014-10-01,
RO5A3E,A,cable_receiverout_e,RO5A3E,2014-10-01,
RO5A3N,A,cable_receiverout_n,RO5A3N,2014-10-01,
RO5A4E,A,cable_receiverout_e,RO5A4E,2014-10-01,
RO5A4N,A,cable_receiverout_n,RO5A4N,2014-10-01,
RO5A5E,A,cable_receiverout_e,RO5A5E,2014-10-01,
RO5A5N,A,cable_receiverout_n,RO5A5N,2014-10-01,
RO5A6E,A,cable_receiverout_e,RO5A6E,2014-10-01,
RO5A6N,A,cable_receiverout_n,RO5A6N,2014-10-01,
RO5A7E,A,cable_receiverout_e,RO5A7E,2014-10-01,
RO5A7N,A,cable_receiverout_n,RO5A7N,2014-10-01,
RO5A8E,A,cable_receiverout_e,RO5A8E,2014-10-01,
RO5A8N,A,cable_receiverout_n,RO5A8N,2014-10-01,
RO5B1E,A,cable_receiverout_e,RO5B1E,2014-10-01,
RO5B1N,A,cable_receiverout_n,RO5B1N,2014-10-01,
RO5B2E,A,cable_receiverout_e,RO5B2E,2014-10-01,
RO5B2N,A,cable_receiverout_n,RO5B2N,2014-10-01,
RO5B3E,A,cable_receiverout_e,RO5B3E,2014-10-01,
RO5B3N,A,cable_receiverout_n,RO5B3N,2014-10-01,
RO5B4E,A,cable_receiverout_e,RO5B4E,2014-10-01,
RO5B4N,A,cable_receiverout_n,RO5B4N,2014-10-01,
RO5B5E,A,cable_receiverout_e,RO5B5E,2014-10-01,
RO5B5N,A,cable_receiverout_n,RO5B5N,2014-10-01,
RO5B6E,A,cable_receiverout_e,RO5B6E,2014-10-01,
RO5B6N,A,cable_receiverout_n,RO5B6N,2014-10-01,
RO5B7E,A,cable_receiverout_e,RO5B7E,2014-10-01,
RO5B7N,A,cable_receiverout_n,RO5B7N,2014-10-01,
RO5B8E,A,cable_receiverout_e,RO5B8E,2014-10-01,
RO5B8N,A,cable_receiverout_n,RO5B8N,2014-10-01,
RO6A1E,A,cable_receiverout_e,RO6A1E,2014-10-01,
RO6A1N,A,cable_receiverout_n,RO6A1N,2014-10-01,
RO6A2E,A,cable_receiverout_e,RO6A2E,2014-10-01,
RO6A2N,A,cable_receiverout_n,RO6A2N,2014-10-01,
RO6A3E,A,cable_receiverout_e,RO6A3E,2014-10-01,
RO6A3N,A,cable_receiverout_n,RO6A3N,2014-10-01,
RO6A4E,A,cable_receiverout_e,RO6A4E,2014-10-01,
RO6A4N,A,cable_receiverout_n,RO6A4N,2014-10-01,
RO6A5E,A,cable_receiverout_e,RO6A5E,2014-10-01,
RO6A5N,A,cable_receiverout_n,RO6A5N,2014-10-01,
RO6A6E,A,cable_receiverout_e,RO6A6E,2014-10-01,
RO6A6N,A,cable_receiverout_n,RO6A6N,2014-10-01,
RO6A7E,A,cable_receiverout_e,RO6A7E,2014-10-01,
RO6A7N,A,cable_receiverout_n,RO6A7N,2014-10-01,
RO6A8E,A,cable_receiverout_e,RO6A8E,2014-10-01,
RO6A8N,A,cable_receiverout_n,RO6A8N,2014-10-01,
RO6B1E,A,cable_receiverout_e,RO6B1E,2014-10-01,
RO6B1N,A,cable_receiverout_n,RO6B1N,2014-10-01,
RO6B2E,A,cable_receiverout_e,RO6B2E,2014-10-01,
RO6B2N,A,cable_receiverout_n,RO6B2N,2014-10-01,
RO6B3E,A,cable_receiverout_e,RO6B3E,2014-10-01,
RO6B3N,A,cable_receiverout_n,RO6B3N,2014-10-01,
RO6B4E,A,cable_receiverout_e,RO6B4E,2014-10-01,
RO6B4N,A,cable_receiverout_n,RO6B4N,2014-10-01,
RO6B5E,A,cable_receiverout_e,RO6B5E,2014-10-01,
RO6B5N,A,cable_receiverout_n,RO6B5N,2014-10-01,
RO6B6E,A,cable_receiverout_e,RO6B6E,2014-10-01,
RO6B6N,A,cable_receiverout_n,RO6B6N,2014-10-01,
RO6B7E,A,cable_receiverout_e,RO6B7E,2014-10-01,
RO6B7N,A,cable_receiverout_n,RO6B7N,2014-10-01,
RO6B8E,A,cable_receiverout_e,RO6B8E,2014-10-01,
RO6B8N,A,cable_receiverout_n,RO6B8N,2014-10-01,
RO7A1E,A,cable_receiverout_e,RO7A1E,2014-10-01,
RO7A1N,A,cable_receiverout_n,RO7A1N,2014-10-01,
RO7A2E,A,cable_receiverout_e,RO7A2E,2014-10-01,
RO7A2N,A,cable_receiverout_n,RO7A2N,2014-10-01,
RO7A3E,A,cable_receiverout_e,RO7A3E,2014-10-01,
RO7A3N,A,cable_receiverout_n,RO7A3N,2014-10-01,
RO7A4E,A,cable_receiverout_e,RO7A4E,2014-10-01,
RO7A4N,A,cable_receiverout_n,RO7A4N,2014-10-01,
RO7A5E,A,cable_receiverout_e,RO7A5E,2014-10-01,
RO7A5N,A,cable_receiverout_n,RO7A5N,2014-10-01,
RO7A6E,A,cable_receiverout_e,RO7A6E,2014-10-01,
RO7A6N,A,cable_receiverout_n,RO7A6N,2014-10-01,
RO7A7E,A,cable_receiverout_e,RO7A7E,2014-10-01,
RO7A7N,A,cable_receiverout_n,RO7A7N,2014-10-01,
RO7A8E,A,cable_receiverout_e,RO7A8E,2014-10-01,
RO7A8N,A,cable_receiverout_n,RO7A8N,2014-10-01,
RO7B1E,A,cable_receiverout_e,RO7B1E,2014-10-01,
RO7B1N,A,cable_receiverout_n,RO7B1N,2014-10-01,
RO7B2E,A,cable_receiverout_e,RO7B2E,2014-10-01,
RO7B2N,A,cable_receiverout_n,RO7B2N,2014-10-01,
RO7B3E,A,cable_receiverout_e,RO7B3E,2014-10-01,
RO7B3N,A,cable_receiverout_n,RO7B3N,2014-10-01,
RO7B4E,A,cable_receiverout_e,RO7B4E,2014-10-01,
RO7B4N,A,cable_receiverout_n,RO7B4N,2014-10-01,
RO7B5E,A,cable_receiverout_e,RO7B5E,2014-10-01,
RO7B5N,A,cable_receiverout_n,RO7B5N,2014-10-01,
RO7B6E,A,cable_receiverout_e,RO7B6E,2014-10-01,
RO7B6N,A,cable_receiverout_n,RO7B6N,2014-10-01,
RO7B7E,A,cable_receiverout_e,RO7B7E,2014-10-01,
RO7B7N,A,cable_receiverout_n,RO7B7N,2014-10-01,
RO7B8E,A,cable_receiverout_e,RO7B8E,2014-10-01,
RO7B8N,A,cable_receiverout_n,RO7B8N,2014-10-01,
RO8A1E,A,cable_receiverout_e,RO8A1E,2014-10-01,
RO8A1N,A,cable_receiverout_n,RO8A1N,2014-10-01,
RO8A2E,A,cable_receiverout_e,RO8A2E,2014-10-01,
RO8A2N,A,cable_receiverout_n,RO8A2N,2014-10-01,
RO8A3E,A,cable_receiverout_e,RO8A3E,2014-10-01,
RO8A3N,A,cable_receiverout_n,RO8A3N,2014-10-01,
RO8A4E,A,cable_receiverout_e,RO8A4E,2014-10-01,
RO8A4N,A,cable_receiverout_n,RO8A4N,2014-10-01,
RO8A5E,A,cable_receiverout_e,RO8A5E,2014-10-01,
RO8A5N,A,cable_receiverout_n,RO8A5N,2014-10-01,
RO8A6E,A,cable_receiverout_e,RO8A6E,2014-10-01,
RO8A6N,A,cable_receiverout_n,RO8A6N,2014-10-01,
RO8A7E,A,cable_receiverout_e,RO8A7E,2014-10-01,
RO8A7N,A,cable_receiverout_n,RO8A7N,2014-10-01,
RO8A8E,A,cable_receiverout_e,RO8A8E,2014-10-01,
RO8A8N,A,cable_receiverout_n,RO8A8N,2014-10-01,
RO8B1E,A,cable_receiverout_e,RO8B1E,2014-10-01,
RO8B1N,A,cable_receiverout_n,RO8B1N,2014-10-01,
RO8B2E,A,cable_receiverout_e,RO8B2E,2014-10-01,
RO8B2N,A,cable_receiverout_n,RO8B2N,2014-10-01,
RO8B3E,A,cable_receiverout_e,RO8B3E,2014-10-01,
RO8B3N,A,cable_receiverout_n,RO8B3N,2014-10-01,
RO8B4E,A,cable_receiverout_e,RO8B4E,2014-10-01,
RO8B4N,A,cable_receiverout_n,RO8B4N,2014-10-01,
RO8B5E,A,cable_receiverout_e,RO8B5E,2014-10-01,
RO8B5N,A,cable_receiverout_n,RO8B5N,2014-10-01,
RO8B6E,A,cable_receiverout_e,RO8B6E,2014-10-01,
RO8B6N,A,cable_receiverout_n,RO8B6N,2014-10-01,
RO8B7E,A,cable_receiverout_e,RO8B7E,2014-10-01,
RO8B7N,A,cable_receiverout_n,RO8B7N,2014-10-01,
RO8B8E,A,cable_receiverout_e,RO8B8E,2014-10-01,
RO8B8N,A,cable_receiverout_n,RO8B8N,2014-10-01,
SA11,A,station,P55,2014-10-01,
SA13,A,station,P27,2014-10-01,
SA5,A,station,P25,2014-10-01,
SA7,A,station,P48,2014-10-01,
SA9,A,station,P24,2014-10-01,
SC10,A,station,P77,2014-10-01,
SC11,A,station,P32,2014-10-01,
SC12,A,station,P78,2014-10-01,
SC13,A,station,P30,2014-10-01,
SC14,A,station,P79,2014-10-01,
SC5,A,station,P35,2014-10-01,
SC6,A,station,P75,2014-10-01,
SC7,A,station,P18,2014-10-01,
SC8,A,station,P76,2014-10-01,
SC9,A,station,P5,2014-10-01,
SE11,A,station,P7,2014-10-01,
SE13,A,station,P12,2014-10-01,
SE5,A,station,P33,2014-10-01,
SE7,A,station,P6,2014-10-01,
SE9,A,station,P52,2014-10-01,
SG10,A,station,P109,2014-10-01,
SG11,A,station,P60,2014-10-01,
SG12,A,station,P110,2014-10-01,
SG13,A,station,P39,2014-10-01,
SG14,A,station,P111,2014-10-01,
SG5,A,station,P8,2014-10-01,
SG6,A,station,P107,2014-10-01,
SG7,A,station,P11,2014-10-01,
SG8,A,station,P108,2014-10-01,
SG9,A,station,P36,2014-10-01,
